epoch,energy,energy_std,grad_amp_before,grad_phi_before,grad_amp_after,grad_phi_after,learning_rate
0,8.516393,4.996646,11.017723,4.2904415,5.076826,3.7147472,0.04
1,7.0508146,4.941741,10.850835,4.2276306,5.231464,3.6228864,0.04
2,5.821446,4.767018,10.66405,3.91231,5.1282263,3.6227238,0.04
3,4.5448956,4.7004037,10.54809,3.830088,5.401818,3.34463,0.04
4,3.331956,4.6787734,10.455126,3.833332,5.4628754,3.3646452,0.04
5,2.2400908,4.7409663,10.641676,4.1478524,5.4250994,3.2612545,0.04
6,1.1881324,4.426441,10.094633,3.6217256,5.067487,3.106989,0.04
7,0.1682457,4.352431,9.929496,3.5781627,5.195343,2.8993814,0.04
8,-0.75241137,4.1786094,9.479364,3.2846,4.9544773,2.6976974,0.04
9,-1.4604634,4.118024,9.62207,3.140514,5.4001427,2.7328076,0.04
10,-2.1896503,4.043848,9.871191,3.0764654,5.510686,2.5669036,0.04
11,-3.0185938,3.9055185,9.55461,2.8694246,5.3065495,2.4685793,0.04
12,-3.5006402,3.829873,9.011561,2.837547,5.358488,2.318394,0.04
13,-4.1900926,3.7312396,8.501163,2.6978827,5.7949867,2.3276143,0.04
14,-4.7349296,3.5446444,8.709911,2.433604,5.2648697,2.1926744,0.04
15,-5.051425,3.4618552,8.225519,2.24882,5.428866,2.0187883,0.04
16,-5.608914,3.3665743,8.264766,2.2335002,5.285891,1.8642218,0.04
17,-5.941014,3.2886987,7.7502875,1.9825964,5.499756,1.7642512,0.04
18,-6.318847,3.3012292,7.877197,2.005997,5.234348,1.7859441,0.04
19,-6.6894736,3.2267306,7.6144567,1.9713734,5.4920173,1.647808,0.04
20,-6.9006925,3.2148843,7.681562,1.750825,5.157409,1.6615293,0.04
21,-7.2448153,3.197571,7.0841956,1.8768891,5.3495693,1.6174276,0.04
22,-7.4876213,3.0309703,6.673383,1.621341,5.4199615,1.6053009,0.04
23,-7.7583065,3.044135,6.9018545,1.6419765,5.4532228,1.5067229,0.04
24,-7.952529,3.0664594,6.676409,1.53994,5.738765,1.4603056,0.04
25,-8.239578,3.0213926,6.8357186,1.4537461,5.761883,1.343776,0.04
26,-8.3748665,2.934422,6.6380043,1.4140097,5.3917212,1.3338277,0.04
27,-8.636071,2.8780687,6.4614806,1.379981,5.6713176,1.2566645,0.04
28,-8.738085,2.904288,6.4353223,1.4209269,5.609725,1.2707844,0.04
29,-8.9496,2.9525678,6.5785613,1.3538884,5.5502143,1.3569405,0.04
30,-9.046553,2.9093595,6.065919,1.320069,5.878322,1.3471544,0.04
31,-9.292925,2.9039664,6.4847445,1.2886733,5.740429,1.2982981,0.04
32,-9.308367,2.9064064,6.546554,1.2564981,6.0472236,1.197129,0.04
33,-9.45781,2.8095543,5.5101404,1.1730466,5.9502544,1.2222979,0.04
34,-9.552099,2.8567357,5.5856557,1.2030387,5.634136,1.2153367,0.04
35,-9.712709,2.7537758,5.50991,1.0755373,5.838766,1.1187358,0.04
36,-9.950863,2.841541,5.6803803,1.1912512,5.8206244,1.1987249,0.04
37,-9.86458,2.7449527,5.7489996,1.0595429,5.582969,1.1570753,0.04
38,-9.983797,2.8873508,6.1859393,1.0892099,6.1032004,1.163669,0.04
39,-10.006795,2.7618868,5.7383556,1.0370677,5.755571,1.1244253,0.04
40,-10.188778,2.8010364,5.829321,0.99339074,6.0168905,1.2003059,0.04
41,-10.2136,2.809379,5.647663,1.093498,5.9232326,1.1289238,0.04
42,-10.315864,2.8281615,5.8124847,0.9885143,6.2478666,1.1867222,0.04
43,-10.492603,2.796071,5.653881,0.9483481,6.3998103,1.0862067,0.04
44,-10.510867,2.7850158,5.178129,0.9511962,5.7420163,1.1105398,0.04
45,-10.67537,2.7209525,4.8637066,0.9349171,5.8896995,1.0342377,0.04
46,-10.707889,2.756984,4.904765,0.90530074,6.3206267,0.9887035,0.04
47,-10.66288,2.7482975,5.445095,0.9534988,6.0812526,1.0294946,0.04
48,-10.753388,2.7393262,4.956571,0.90385324,6.0639257,1.020468,0.04
49,-10.851109,2.7445843,5.312324,0.9080838,6.177972,1.0498676,0.04
50,-10.968549,2.7418928,5.6359706,0.87923527,5.876898,0.996959,0.04
51,-10.993526,2.6681945,5.7030253,0.86555564,6.0481877,1.0106213,0.04
52,-11.068552,2.7448392,5.5082173,0.84488416,5.7522464,0.9545139,0.04
53,-11.093301,2.7159977,6.214763,0.87773824,5.9839516,1.0863245,0.04
54,-11.150011,2.6917477,5.5915165,0.7713044,5.931856,1.0055959,0.04
55,-11.133166,2.709274,5.464847,0.83727354,6.286651,1.0054419,0.04
56,-11.34934,2.7505777,5.4598904,0.8505527,6.3348393,1.019732,0.04
57,-11.350279,2.680049,5.591578,0.8243036,6.0321417,0.91526306,0.04
58,-11.397293,2.7410421,5.5129476,0.74198836,5.8476453,0.89890707,0.04
59,-11.416092,2.6650114,5.7538347,0.7498548,6.017533,1.0354501,0.04
60,-11.39594,2.6485455,5.331088,0.75538373,6.2199545,1.0656264,0.04
61,-11.557289,2.7354348,5.919636,0.74224246,6.1248884,0.8905443,0.04
62,-11.565534,2.6333165,5.0798163,0.7095403,5.97549,0.88466126,0.04
63,-11.475723,2.5998652,5.0904517,0.7365729,6.002953,0.93429357,0.04
64,-11.712474,2.7357652,5.5595875,0.77420044,6.754864,0.91619384,0.04
65,-11.682308,2.681915,5.57982,0.74992543,6.44074,0.99529654,0.04
66,-11.588428,2.6608036,5.6705627,0.7133513,5.9016247,0.9041098,0.04
67,-11.634061,2.7211373,5.576939,0.6680887,6.2192044,0.99740654,0.04
68,-11.6770935,2.7219143,5.5523257,0.6606673,6.15912,0.8960977,0.04
69,-11.849888,2.6239326,4.9812727,0.64928067,5.997382,0.9376518,0.04
70,-11.8252325,2.6593287,5.5840096,0.64011586,6.1718984,0.97453696,0.04
71,-11.841795,2.6849835,5.183282,0.6276133,6.216213,0.8675949,0.04
72,-11.840721,2.6635566,5.2783346,0.595519,6.272994,0.94590396,0.04
73,-11.856789,2.58338,4.8795934,0.6152204,6.276119,0.8106173,0.04
74,-11.888457,2.6033745,5.077836,0.64095277,6.0724254,0.8462606,0.04
75,-11.901584,2.6617153,5.3429613,0.6490565,6.2405696,0.901113,0.04
76,-11.967842,2.712671,5.527927,0.63685364,6.0839334,0.93460435,0.04
77,-11.993489,2.691263,5.4228363,0.6524468,6.4108186,0.8711567,0.04
78,-11.985931,2.6315787,4.669805,0.6304937,6.3743706,0.86641,0.04
79,-12.0009985,2.7037005,5.768076,0.6216788,6.0081615,0.861265,0.04
80,-12.129972,2.6563528,5.3297834,0.5449235,6.491431,0.8478637,0.04
81,-12.12667,2.6796653,4.993772,0.5875825,6.7759027,0.74380136,0.04
82,-12.160963,2.6808739,5.0717244,0.6512358,6.4074044,0.91267735,0.04
83,-12.130685,2.5709226,5.174772,0.5567066,6.150016,0.8652475,0.04
84,-12.115141,2.6681669,5.166309,0.61528945,6.236115,0.8750634,0.04
85,-12.030104,2.703175,5.72191,0.5189659,6.083539,0.815925,0.04
86,-12.217811,2.633107,5.221039,0.5429995,6.054136,0.8067957,0.04
87,-12.257841,2.6872199,5.4679174,0.5216464,6.2916193,0.8561276,0.04
88,-12.206237,2.5699606,5.3433676,0.54328203,5.9683986,0.77230924,0.04
89,-12.256285,2.6544678,5.676765,0.5320076,6.174491,0.8936383,0.04
90,-12.264304,2.7292442,5.036058,0.5548455,6.640203,0.9403187,0.04
91,-12.343094,2.5586774,5.0073733,0.51006037,6.510346,0.79204416,0.04
92,-12.296742,2.6343367,5.695926,0.54202783,6.037646,0.8429219,0.04
93,-12.295507,2.6510358,5.6153893,0.5918939,6.596699,0.7715404,0.04
94,-12.384829,2.6438572,5.6321635,0.50259584,6.174753,0.68259007,0.04
95,-12.426825,2.589785,4.8269997,0.5151705,6.435633,0.7877128,0.04
96,-12.349683,2.574057,5.209037,0.51407224,5.8514924,0.70286345,0.04
97,-12.408784,2.660912,5.2080383,0.5444007,6.740739,0.9513579,0.04
98,-12.45473,2.5307024,4.9840245,0.5074512,6.0555363,0.82534283,0.04
99,-12.449095,2.5810304,5.191535,0.48642528,6.166311,0.85711217,0.04
100,-12.481844,2.59799,5.3056703,0.5499421,6.6802645,0.76492774,0.04
101,-12.487961,2.5998857,4.9403896,0.48380896,6.2330337,0.80595374,0.04
102,-12.501377,2.6011791,5.6077805,0.53661126,6.158229,0.8984079,0.04
103,-12.510727,2.5284512,5.0868516,0.42119136,6.0144215,0.62740284,0.04
104,-12.566741,2.577658,5.0912986,0.51702046,6.448716,0.8875955,0.04
105,-12.6212435,2.5634842,5.217696,0.44151744,6.4761424,0.70078707,0.04
106,-12.568693,2.6678455,5.760319,0.52240574,6.8190174,0.8645681,0.04
107,-12.533606,2.6712992,6.0982943,0.56706256,6.7041383,0.8469821,0.04
108,-12.551016,2.58643,5.3806133,0.45879337,6.532715,0.6282797,0.04
109,-12.635082,2.5679927,5.0971875,0.56315506,6.118027,0.74620223,0.04
110,-12.573288,2.554217,5.3707027,0.44802827,6.1135488,0.70313877,0.04
111,-12.580141,2.5528824,5.050903,0.48055965,6.178076,0.81059146,0.04
112,-12.6680975,2.5258453,5.0420604,0.46179658,6.0441723,0.7663622,0.04
113,-12.664575,2.626972,5.7705555,0.48814538,6.2159123,0.7332456,0.04
114,-12.679807,2.5486698,5.133604,0.50321233,6.709795,0.75757223,0.04
115,-12.698973,2.5364237,5.6084757,0.51112866,6.141601,0.77429515,0.04
116,-12.870631,2.6144624,5.425083,0.5277085,6.381309,0.8008754,0.04
117,-12.816789,2.570121,5.3038797,0.40291652,6.2565227,0.7087643,0.04
118,-12.799523,2.5351737,4.8055496,0.4580953,6.4841013,0.8934182,0.04
119,-12.849693,2.5171468,4.4474216,0.4453505,6.4598303,0.75396895,0.04
120,-12.717261,2.529108,5.2111835,0.58668816,6.658994,0.87027156,0.04
121,-12.871893,2.5405016,5.474165,0.47507194,6.408374,0.7089641,0.04
122,-12.791245,2.522821,5.1597257,0.48320413,6.2782197,0.7379157,0.04
123,-12.879175,2.5203176,5.3630815,0.46851683,6.576385,0.8508669,0.04
124,-12.824387,2.5218105,5.797608,0.48075488,6.2563105,0.7923329,0.04
125,-12.919845,2.5862274,5.212216,0.50851095,6.6333184,0.90848744,0.04
126,-12.918539,2.4940968,5.4017334,0.5102346,6.751676,0.8263799,0.04
127,-12.944105,2.6167305,6.123699,0.4940935,6.0825667,0.7614487,0.04
128,-12.848193,2.5087872,5.7627335,0.52254087,6.06697,0.83058405,0.04
129,-12.97811,2.5627346,5.368686,0.509596,6.3521314,0.6861184,0.04
130,-13.066906,2.5717444,5.6578307,0.53197587,6.9213724,0.92867917,0.04
131,-13.060851,2.4778595,5.256876,0.46448532,6.4116592,0.6383593,0.04
132,-12.892668,2.5371938,5.9533343,0.50496787,6.629382,0.7224343,0.04
133,-13.015079,2.4346507,6.0023937,0.46644217,6.894901,0.9265572,0.04
134,-12.999399,2.4410443,5.455746,0.48224932,6.32217,0.8016654,0.04
135,-13.003373,2.4732497,5.525989,0.4521876,6.661503,0.71866286,0.04
136,-12.97452,2.5294323,5.7497683,0.49501705,6.818396,0.77679247,0.04
137,-13.0195055,2.5106068,6.0268593,0.469708,6.546658,0.91826105,0.04
138,-13.041297,2.5004692,5.6380577,0.43217468,6.567489,0.7173371,0.04
139,-13.069445,2.4801483,5.3540616,0.46397004,6.560451,0.82839763,0.04
140,-13.143927,2.5022721,6.0032535,0.46707168,6.609591,0.8761131,0.04
141,-13.058904,2.5084052,5.2708683,0.45001936,6.8600316,0.8092279,0.04
142,-13.100983,2.490087,5.3847747,0.5590001,6.613464,0.80146205,0.04
143,-13.06099,2.49627,5.5407777,0.5435363,6.4681506,0.8341845,0.04
144,-13.178972,2.5081038,5.344829,0.41417488,6.4344425,0.82750976,0.04
145,-13.24832,2.4776018,6.169485,0.47409084,6.196792,0.8013558,0.04
146,-13.307594,2.43655,5.6307054,0.50092214,6.5486474,0.7168932,0.04
147,-13.119808,2.398161,5.9933276,0.49006942,6.170498,0.7928405,0.04
148,-13.259968,2.511365,5.90301,0.47407037,6.3035927,0.7363345,0.04
149,-13.235514,2.4139817,5.3790436,0.47123122,6.1169796,0.7173592,0.04
150,-13.254199,2.3823159,5.264875,0.4920034,6.3535905,0.73893493,0.04
151,-13.272801,2.4747014,5.7588224,0.54152673,6.598669,0.872044,0.04
152,-13.29582,2.48841,5.6770654,0.4198728,6.8329673,0.7299542,0.04
153,-13.252442,2.418109,5.617664,0.5423525,6.7220592,0.9085715,0.04
154,-13.336154,2.5027838,5.2356195,0.4679248,6.5891237,0.90718913,0.04
155,-13.407746,2.3939164,5.605397,0.45747915,6.4485073,0.73466706,0.04
156,-13.392394,2.3898435,5.940295,0.43496096,6.1690917,0.6872994,0.04
157,-13.331961,2.4128397,6.2570724,0.4539645,6.7313685,0.71015483,0.04
158,-13.354049,2.3568633,5.3081274,0.5213952,6.6589904,0.7973902,0.04
159,-13.463777,2.400643,5.6023393,0.4463327,6.8816814,0.87827104,0.04
160,-13.374401,2.3570845,5.603734,0.45943803,6.689275,0.86902815,0.04
161,-13.378828,2.3771217,6.097418,0.50612,6.7613177,0.8184721,0.04
162,-13.527,2.3626573,5.338397,0.4628746,6.4300904,0.80118906,0.04
163,-13.423168,2.3934643,5.8224626,0.5551723,6.4382944,0.8181936,0.04
164,-13.520851,2.4305356,6.3339443,0.46882623,6.882508,0.8144714,0.04
165,-13.484263,2.299092,5.67514,0.39128077,6.5113325,0.73963934,0.04
166,-13.606866,2.426849,5.827606,0.46578383,6.430199,0.74769765,0.04
167,-13.494797,2.3593497,5.5708604,0.5053122,6.8749638,0.8696732,0.04
168,-13.6686,2.3208444,5.8895044,0.43949685,6.645709,0.81989497,0.04
169,-13.606879,2.4101498,5.728149,0.46457738,6.453643,0.9097618,0.04
170,-13.668938,2.3515818,5.6796885,0.4963067,6.423588,0.8277389,0.04
171,-13.654074,2.2737336,5.655587,0.42829424,6.7731495,0.83217925,0.04
172,-13.601523,2.2903266,6.4873624,0.44626766,6.629256,0.7590391,0.04
173,-13.694603,2.2459512,5.706539,0.46893483,6.251065,0.7064074,0.04
174,-13.71101,2.277906,6.0987372,0.42845872,7.023276,0.69851613,0.04
175,-13.702034,2.2822816,5.6785827,0.43456545,6.7234674,0.9008472,0.04
176,-13.677438,2.3475862,6.0838118,0.47620186,6.408605,0.8110426,0.04
177,-13.669211,2.2281456,5.74576,0.46083656,6.3758516,0.7040891,0.04
178,-13.701961,2.247887,5.632158,0.49589738,6.485696,0.77339286,0.04
179,-13.8476715,2.2566817,6.0023355,0.40758094,6.701315,0.8510816,0.04
180,-13.790121,2.3234925,6.2885146,0.5127095,6.752683,0.82880163,0.04
181,-13.851273,2.1979346,6.0325475,0.45214415,6.712009,0.8694711,0.04
182,-13.763125,2.2478888,6.246877,0.46666136,6.8340244,0.7007986,0.04
183,-13.899414,2.222106,5.795796,0.46366197,6.6095953,0.69218844,0.04
184,-13.9232645,2.213566,5.519675,0.42596745,6.8424516,0.86443615,0.04
185,-13.902951,2.2262838,5.895741,0.4275056,6.5213313,0.6915128,0.04
186,-13.920126,2.2287898,5.943049,0.42930165,6.582164,0.71029276,0.04
187,-13.95547,2.2719011,5.7072673,0.4000557,6.7593117,0.6755453,0.04
188,-13.933038,2.2101529,5.197414,0.41909733,6.546117,0.7639499,0.04
189,-13.853715,2.1772938,5.3761115,0.41006768,6.785744,0.8493075,0.04
190,-14.017039,2.2171009,5.09955,0.4175788,7.071369,0.7590051,0.04
191,-13.87501,2.2022648,5.8445644,0.40773895,6.8115854,0.8693203,0.04
192,-13.847,2.2602992,6.2441325,0.47013646,6.69838,0.7600682,0.04
193,-13.8835335,2.1922176,5.5371046,0.4548003,6.366874,0.7567867,0.04
194,-13.934603,2.1839395,5.9961076,0.5119501,6.7554255,0.88461435,0.04
195,-14.017422,2.1832607,6.15157,0.4645903,6.454923,0.68314016,0.04
196,-13.982463,2.1898277,5.298411,0.41558498,6.4713774,0.86575603,0.04
197,-14.018824,2.1949317,5.8532877,0.4137325,6.5858326,0.81452596,0.04
198,-14.042896,2.1664093,5.7118335,0.4423223,6.8818097,0.7556343,0.04
199,-14.100012,2.166418,6.2693863,0.37623152,6.651255,0.8127927,0.04
200,-14.017023,2.2197611,6.0508523,0.4231502,6.743018,0.81151897,0.04
201,-14.034408,2.1731777,6.0142317,0.45209455,6.686713,0.7896725,0.04
202,-14.14155,2.1698334,5.669964,0.39339262,6.635609,0.852897,0.04
203,-14.1047125,2.2155042,6.1908965,0.44015133,6.648565,0.8422341,0.04
204,-14.187136,2.155464,5.151636,0.38568026,6.6233754,0.97477835,0.04
205,-14.239065,2.1544845,5.3783326,0.4087629,6.759773,0.6790403,0.04
206,-14.09361,2.168115,5.9426837,0.4379059,6.7598996,0.68584824,0.04
207,-14.260201,2.0883784,5.307543,0.4070346,6.651465,0.72273153,0.04
208,-14.261789,2.1054413,5.6038904,0.38784337,6.6263347,0.8820815,0.04
209,-14.157126,2.115228,5.901422,0.3986977,6.426112,0.75108665,0.04
210,-14.170235,2.1052997,4.9789977,0.40000755,6.576465,0.719468,0.04
211,-14.288091,2.0647879,5.4282417,0.39217332,6.7848954,0.8711817,0.04
212,-14.215958,2.0808408,5.203338,0.44530478,6.1004167,0.79936844,0.04
213,-14.300623,2.0620985,5.0235047,0.39018574,6.7303114,0.7735821,0.04
214,-14.311773,2.1306207,5.479343,0.42817235,6.460397,0.8450962,0.04
215,-14.283651,2.0779746,5.2199144,0.3697859,6.7553453,0.7710113,0.04
216,-14.30353,2.10117,5.4312215,0.42738968,6.8319697,0.7918529,0.04
217,-14.308349,2.0859926,5.5734363,0.36195078,6.3584514,0.8066973,0.04
218,-14.367726,2.0929494,5.9281325,0.4136686,6.445598,0.70623386,0.04
219,-14.360885,2.0957866,5.4750047,0.43055373,6.7958255,0.81803435,0.04
220,-14.376104,2.1038702,5.1453667,0.4034103,6.788734,0.77670354,0.04
221,-14.393209,2.0565479,5.27309,0.42561215,6.464417,0.75671446,0.04
222,-14.416216,2.0153525,5.3495035,0.31367463,6.526865,0.75498766,0.04
223,-14.456369,2.0166914,5.0410576,0.3950648,6.6511283,0.7863393,0.04
224,-14.378583,2.114022,5.8659415,0.42206302,7.0055265,0.7759907,0.04
225,-14.461403,2.0059495,5.3971667,0.40920386,6.538643,0.8168624,0.04
226,-14.525716,2.0381176,5.5559955,0.38200492,6.5312896,0.86790395,0.04
227,-14.50374,2.052217,5.063209,0.41281235,6.7740264,0.81664556,0.04
228,-14.497396,1.9877065,5.561309,0.39340472,6.319245,0.75167906,0.04
229,-14.4585085,2.081932,5.633944,0.42640856,6.457942,0.6936481,0.04
230,-14.473762,2.0543754,5.7211337,0.43554226,6.886918,0.784387,0.04
231,-14.581369,2.010509,5.08253,0.3840936,6.7524986,0.7437127,0.04
232,-14.492984,2.045724,5.198342,0.41273284,6.264693,0.7082842,0.04
233,-14.503408,2.086507,5.805805,0.45394674,7.082408,0.791236,0.04
234,-14.488644,2.0211608,5.5501122,0.44072628,6.7179914,0.69700515,0.04
235,-14.540916,1.9957211,5.917878,0.39015642,6.5388007,0.7704966,0.04
236,-14.603991,2.0391505,5.707955,0.4776108,7.2493806,0.8582356,0.04
237,-14.557038,2.0329208,5.799637,0.4509902,6.8293567,0.705897,0.04
238,-14.590793,2.008451,6.375067,0.43945917,6.894417,0.8049935,0.04
239,-14.641849,2.0297997,5.3079967,0.43715388,6.8442492,0.7966637,0.04
240,-14.582938,1.9647628,5.399232,0.4573723,6.7913957,0.8484021,0.04
241,-14.62167,2.0507815,5.6603813,0.49206144,6.870678,0.84468114,0.04
242,-14.635179,1.9964868,5.5208807,0.38310468,6.629514,0.82238257,0.04
243,-14.667016,2.003039,5.3480144,0.4535282,6.7396317,0.7628522,0.04
244,-14.658566,1.9932297,5.6343617,0.44481316,7.108158,0.76479876,0.04
245,-14.668505,1.9854594,6.114538,0.45356223,6.9038215,0.6391485,0.04
246,-14.7064295,2.0037518,5.602004,0.45708537,7.189702,0.91014034,0.04
247,-14.709907,1.9537156,5.6523957,0.49229863,7.197213,0.7933002,0.04
248,-14.76748,1.9691057,5.195683,0.4355451,6.6908617,0.7320504,0.04
249,-14.820294,1.9979433,5.7704067,0.4286086,6.9549932,0.8017144,0.04
250,-14.797077,1.9662061,5.5908127,0.46323094,6.999348,0.7547787,0.04
251,-14.791949,1.9765986,5.260603,0.467928,6.594542,0.8223431,0.04
252,-14.888775,1.9778281,5.8378963,0.45307213,6.6489434,0.76379323,0.04
253,-14.853429,2.007279,5.778289,0.4739338,6.5960374,0.8190968,0.04
254,-14.88233,1.981676,5.34838,0.48392478,6.7497373,0.8208672,0.04
255,-14.873146,1.9119031,4.877979,0.45520955,7.1357026,0.8717699,0.04
256,-14.904245,1.9411483,5.350918,0.4421201,6.9999933,0.7481308,0.04
257,-14.977308,1.9362526,5.598579,0.51720816,6.6230755,0.84989685,0.04
258,-14.911831,1.9501286,5.683049,0.46573743,6.867456,0.7471229,0.04
0,-14.911831,1.9501286,5.432767,1.7317655,6.6382303,1.9240686,0.04
1,-15.046132,1.9525003,4.9337993,1.6089468,6.7056947,1.7728425,0.04
2,-14.965331,1.9691604,5.4186616,1.7824037,6.6995115,1.8843019,0.04
3,-14.981649,1.9583125,5.229547,1.7368772,6.685758,1.9389309,0.04
4,-15.030952,1.9849492,5.5250387,1.8020908,7.171658,2.0702035,0.04
5,-15.086816,1.9422998,5.3784485,1.7541621,6.858622,1.9226018,0.04
6,-15.133952,1.8769804,4.8360434,1.5682967,6.513519,1.8606708,0.04
7,-15.063103,1.9145594,5.5138283,1.873338,6.62306,2.0266237,0.04
8,-15.072329,1.9916118,5.058819,1.6698506,6.475167,1.8685026,0.04
9,-15.102185,1.9327168,4.9041166,1.6800041,6.6138954,2.0102317,0.04
10,-15.05518,1.9364884,5.0051622,1.6639516,6.648394,1.9205636,0.04
11,-15.158596,1.8958349,4.642147,1.6004016,6.1753983,1.8751948,0.04
12,-15.167264,1.8817866,4.6492953,1.556138,6.748935,1.7819064,0.04
13,-15.206041,1.9309058,5.153588,1.7478542,6.414227,1.6699765,0.04
14,-15.166273,1.9523296,4.858421,1.6501832,6.923595,1.8277372,0.04
15,-15.194208,1.9197053,5.1548557,1.7775571,6.496311,1.9087768,0.04
16,-15.139676,1.9103695,5.4986057,2.0020084,6.379782,1.9345427,0.04
17,-15.287018,1.9277153,4.663281,1.6206596,6.7160783,1.9935433,0.04
18,-15.30358,1.901087,4.7613554,1.6569073,6.291831,1.8957359,0.04
19,-15.272524,1.8605168,4.84601,1.6268833,6.418619,1.756205,0.04
20,-15.286154,1.8903468,5.5049915,1.8978751,6.2239194,1.9335755,0.04
21,-15.328668,1.9040589,4.808533,1.5501285,6.5101433,1.7096819,0.04
22,-15.351643,1.908849,5.7874975,1.8435931,6.5852623,1.9305675,0.04
23,-15.332976,1.9670587,5.510995,1.7952181,6.709808,1.9641987,0.04
24,-15.378331,1.879623,5.1383877,1.6277047,6.3803015,1.8297223,0.04
25,-15.348668,1.931653,5.3097258,1.7268043,6.4456086,1.9060191,0.04
26,-15.432254,1.842246,4.3076806,1.4259323,6.6130233,1.9543058,0.04
27,-15.437785,1.852256,4.8881807,1.5625758,5.8613276,1.6626276,0.04
28,-15.396047,1.8718036,4.9243083,1.592613,6.5639253,1.8293602,0.04
29,-15.473396,1.8674695,4.7117877,1.6040184,6.5745687,1.8746628,0.04
30,-15.501428,1.897921,4.710019,1.5229584,6.428888,1.7812,0.04
31,-15.468408,1.8613982,4.8386497,1.5247283,6.198028,1.7208915,0.04
32,-15.555666,1.8764442,4.816009,1.5672644,6.564236,1.8572825,0.04
33,-15.573609,1.8728247,4.943171,1.5182327,6.6506414,1.7251846,0.04
34,-15.4818125,1.8579959,4.7370024,1.5301001,6.402076,1.7925699,0.04
35,-15.622422,1.8447039,4.9642043,1.5958921,6.761846,1.951355,0.04
36,-15.591255,1.8183496,4.595604,1.4360121,5.9376884,1.7140538,0.04
37,-15.643948,1.8226371,5.0184255,1.5820389,6.13268,1.8302685,0.04
38,-15.653973,1.8466759,4.6817946,1.5259715,6.166083,1.7363045,0.04
39,-15.680499,1.8357401,4.786469,1.523156,6.3691206,1.7435292,0.04
40,-15.649268,1.8890047,5.0987363,1.6649413,6.6328883,1.9624819,0.04
41,-15.628308,1.8053471,4.9801874,1.6655214,6.82487,1.8838295,0.04
42,-15.660201,1.8164366,4.854854,1.7022777,5.880857,1.6920434,0.04
43,-15.709002,1.8064047,5.278868,1.6791958,6.105057,1.766568,0.04
44,-15.719104,1.8010087,4.329868,1.4193637,6.516715,1.8182858,0.04
45,-15.755203,1.8224351,5.4062457,1.665952,6.0709643,1.740364,0.04
46,-15.780802,1.80185,4.9964437,1.60588,5.879504,1.718517,0.04
47,-15.807301,1.7807359,5.006355,1.6531255,6.355404,1.8343676,0.04
48,-15.774035,1.8878679,5.2304373,1.7150832,6.6611357,1.8013071,0.04
49,-15.808404,1.8465519,4.9835243,1.6794869,6.1019416,1.7538759,0.04
50,-15.944607,1.8419435,5.13436,1.6987188,6.6488314,1.754081,0.04
51,-15.8501215,1.827367,4.9776025,1.6054153,6.3134975,1.7636261,0.04
52,-15.864229,1.8029628,4.566857,1.497606,6.0011406,1.5905274,0.04
53,-15.841242,1.8450316,4.8688574,1.5747313,6.4391923,1.7731261,0.04
54,-15.814172,1.8401722,5.1261783,1.7606428,6.607902,1.8312966,0.04
55,-15.931924,1.8609183,5.0999393,1.7391357,6.2237196,1.7426511,0.04
56,-15.824072,1.7924087,4.7706547,1.5644693,6.2894506,1.7283047,0.04
57,-15.934364,1.7880161,4.7758327,1.5639253,6.0671334,1.7675337,0.04
58,-15.923792,1.7695456,5.0406656,1.6486509,6.4854684,1.751443,0.04
59,-15.964912,1.7648102,4.886229,1.5875504,6.145109,1.7795799,0.04
60,-16.004332,1.7482404,5.593847,1.7667334,6.2989206,1.7824073,0.04
61,-15.954832,1.7584896,4.7915106,1.580351,6.6415153,1.8700196,0.04
62,-16.035986,1.7899123,4.9875855,1.6795712,6.2269807,1.8567295,0.04
63,-16.056816,1.7840354,5.646754,1.8586365,6.53199,1.903957,0.04
64,-16.039242,1.7757722,5.787562,1.8666707,6.251859,1.7830037,0.04
65,-16.01368,1.7871532,5.1313825,1.6962087,6.2199726,1.745374,0.04
66,-16.075457,1.7681817,5.736007,1.9840381,5.9100394,1.7863939,0.04
67,-16.054256,1.7469323,5.3697405,1.7654692,5.9033265,1.7122549,0.04
68,-16.06498,1.8271612,5.1271043,1.6580162,6.662523,1.8537018,0.04
69,-16.058422,1.7573323,5.3312197,1.7043431,5.8976703,1.6716982,0.04
70,-16.092009,1.7734345,5.9093657,1.9125887,6.176342,1.7211546,0.04
71,-16.111422,1.788294,5.576307,1.8184018,6.376434,1.9802196,0.04
72,-16.104443,1.7695358,4.991238,1.6349488,6.547212,1.8046784,0.04
73,-16.103035,1.723318,4.9039354,1.5795609,6.189684,1.8948038,0.04
74,-16.147137,1.7534503,4.9553647,1.6535448,6.287289,1.8423104,0.04
75,-16.273046,1.7386031,5.35167,1.7357278,6.13859,1.7078288,0.04
76,-16.188011,1.6974031,4.9621544,1.5920631,6.0891595,1.7387298,0.04
77,-16.158947,1.7326459,5.5361953,1.8091966,5.845954,1.8678277,0.04
78,-16.181196,1.7240043,5.103659,1.6915472,6.091957,1.811369,0.04
79,-16.25658,1.6734642,5.2422795,1.703179,6.0622554,1.8656886,0.04
80,-16.2759,1.7085378,4.8859005,1.5825194,6.259155,1.704751,0.04
81,-16.27446,1.6944139,4.8359785,1.5755168,6.3776965,1.8464683,0.04
82,-16.241156,1.7219005,4.329889,1.4487481,6.019309,1.7116431,0.04
83,-16.242281,1.728532,5.007549,1.6463937,5.9012713,1.743738,0.04
84,-16.322464,1.7109013,4.4296303,1.448611,6.539389,1.8952062,0.04
85,-16.261879,1.6528828,4.92219,1.6554501,5.9855566,1.790524,0.04
86,-16.369076,1.6707141,4.7762113,1.5591593,6.2421784,1.8562739,0.04
87,-16.382679,1.6747961,5.452179,1.6734004,6.3197083,1.7962277,0.04
88,-16.34216,1.6779863,5.7080064,1.8553091,6.124495,1.655551,0.04
89,-16.361814,1.6657308,5.39016,1.71944,5.881963,1.6921085,0.04
90,-16.330357,1.6441151,5.475636,1.7754616,5.869669,1.6928138,0.04
91,-16.359373,1.6317357,5.5882072,1.8232347,6.001409,1.7988138,0.04
92,-16.354435,1.644296,5.0370727,1.6101731,6.0621014,1.7336236,0.04
93,-16.455511,1.62688,5.32433,1.713962,5.8709893,1.6155112,0.04
94,-16.444563,1.6357923,4.9471803,1.6431895,5.637437,1.5767525,0.04
95,-16.473957,1.6610518,4.9194813,1.5999396,5.829494,1.6242465,0.04
96,-16.534733,1.5803891,4.9573517,1.5987387,5.4657073,1.6633117,0.04
97,-16.492643,1.5760323,5.1398735,1.599857,5.598334,1.6138256,0.04
98,-16.595821,1.5198766,4.723119,1.5184711,5.5770106,1.5649831,0.04
99,-16.55082,1.5870452,4.747258,1.5485469,5.3711762,1.464561,0.04
100,-16.57818,1.5329621,4.578577,1.5577201,5.547131,1.6435764,0.04
101,-16.57852,1.5633419,4.4917107,1.5148588,5.560782,1.7775239,0.04
102,-16.609793,1.5589162,4.78176,1.5265207,5.334773,1.5680349,0.04
103,-16.693478,1.4702923,4.4690137,1.446959,5.324681,1.5357639,0.04
104,-16.644062,1.549543,4.3694253,1.4204279,5.2027087,1.488747,0.04
105,-16.696833,1.5047292,4.204776,1.3844225,5.340489,1.5907944,0.04
106,-16.661282,1.5525947,4.539089,1.53287,5.586203,1.6401118,0.04
107,-16.72295,1.537688,5.122381,1.681326,5.362722,1.7301197,0.04
108,-16.774422,1.4389682,4.6411476,1.4839826,5.095862,1.4450309,0.04
109,-16.7723,1.4490321,4.493868,1.4727393,5.1466575,1.6066388,0.04
110,-16.783083,1.4241314,4.663126,1.5873522,5.310402,1.515737,0.04
111,-16.81314,1.4535629,5.1303673,1.69189,4.9625683,1.5296078,0.04
112,-16.857132,1.4176596,4.71843,1.5093377,5.130067,1.5453497,0.04
113,-16.841492,1.442754,4.385637,1.4275929,5.0076847,1.6873282,0.04
114,-16.840918,1.4793727,4.8820753,1.5567602,5.155054,1.5972346,0.04
115,-16.897772,1.4165273,4.4223,1.4548694,4.709686,1.5281516,0.04
116,-16.905333,1.3784317,4.6025276,1.5048448,4.862993,1.4542814,0.04
117,-16.960192,1.3940684,4.6565685,1.5237516,4.6423383,1.4782125,0.04
118,-16.924898,1.3734059,5.116213,1.6816696,4.599842,1.5313869,0.04
119,-16.953201,1.4269185,4.4723253,1.4684258,4.841482,1.4401808,0.04
120,-16.949484,1.3894639,4.502014,1.5162708,4.851137,1.3835642,0.04
121,-17.024872,1.3414922,4.3459663,1.4022019,4.7065535,1.5153214,0.04
122,-17.027071,1.3114576,4.4473963,1.4739065,4.6268206,1.3368877,0.04
123,-17.032553,1.3028569,4.5552955,1.450926,4.639371,1.4313862,0.04
124,-17.046318,1.2651392,3.8899128,1.267853,4.4731445,1.4633654,0.04
125,-17.086739,1.2832131,4.264614,1.4109935,4.4492893,1.3860654,0.04
126,-17.125519,1.2924422,4.8717194,1.6153381,4.3022847,1.4404794,0.04
127,-17.140873,1.285026,4.242181,1.433522,4.3927717,1.3918602,0.04
128,-17.098957,1.2779727,5.0804443,1.6565632,4.378782,1.1994683,0.04
129,-17.199799,1.2519232,4.6435976,1.4807537,4.043953,1.3607191,0.04
130,-17.168356,1.2292664,4.646229,1.5384274,4.2699776,1.3082298,0.04
131,-17.197477,1.2130123,4.2899175,1.3775448,4.1739855,1.365788,0.04
132,-17.201313,1.2482237,4.265462,1.4234425,4.2402873,1.4362476,0.04
133,-17.190538,1.2039304,4.1390924,1.3728888,4.062833,1.4132018,0.04
134,-17.205648,1.2752284,4.423908,1.4740639,4.124689,1.3527731,0.04
135,-17.235498,1.2110926,4.1720266,1.3571378,3.9723825,1.3234055,0.04
136,-17.29197,1.1364557,4.453874,1.4953642,3.8404682,1.2025964,0.04
137,-17.285234,1.1717764,4.2372365,1.3734968,3.9634993,1.1694634,0.04
138,-17.272406,1.1983951,4.191949,1.3952383,4.0448856,1.3179303,0.04
139,-17.338854,1.1955134,3.991058,1.3249909,3.914397,1.2553217,0.04
140,-17.306772,1.1818786,4.0806937,1.3602879,3.8508384,1.2245045,0.04
141,-17.346325,1.1095325,3.8367076,1.2986555,3.9146588,1.2889543,0.04
142,-17.314697,1.1200229,3.9422653,1.3069266,3.783371,1.1533855,0.04
143,-17.348791,1.2186217,4.237528,1.2927858,4.106861,1.2971325,0.04
144,-17.354733,1.1821622,4.337368,1.367414,3.9846833,1.1673076,0.04
145,-17.44451,1.0798407,4.188613,1.3510802,3.6463997,1.0906886,0.04
146,-17.421118,1.0855794,3.9123888,1.2490934,3.588297,1.0396454,0.04
147,-17.420273,1.0994004,4.0466056,1.321285,3.5407355,1.0584573,0.04
148,-17.442465,1.1052448,4.377443,1.3483801,3.8305547,1.2181827,0.04
149,-17.43011,1.1197983,4.218816,1.3375565,3.7401366,1.157612,0.04
150,-17.48164,1.1407565,4.0908427,1.3575082,4.022167,1.2455243,0.04
151,-17.459332,1.0701826,4.11974,1.2974429,3.6774263,1.065707,0.04
152,-17.460117,1.1429776,3.9474206,1.2623361,3.7638862,1.086855,0.04
153,-17.492704,1.0641686,3.7924364,1.1960397,3.6651797,1.060802,0.04
154,-17.508276,1.0734178,3.835633,1.2207114,3.7419732,1.0225031,0.04
155,-17.51075,1.121265,4.6923356,1.4957985,3.7599664,1.1100515,0.04
156,-17.493408,1.0761961,4.0975943,1.327506,3.5687304,1.0620831,0.04
157,-17.533302,1.0375103,3.691237,1.1853842,3.3725772,0.95791125,0.04
158,-17.512833,1.0711333,4.77126,1.6125593,3.5868297,1.0851079,0.04
159,-17.482145,1.0752362,4.222715,1.4228534,3.635951,1.0782005,0.04
160,-17.528103,1.0938126,3.7422516,1.2189696,3.7725456,0.9785106,0.04
161,-17.55962,1.0693238,4.045194,1.3287374,3.4071162,1.0166693,0.04
162,-17.49509,1.1091198,4.5334744,1.4579911,3.933577,1.075065,0.04
163,-17.523949,1.11501,3.8886979,1.2686124,3.7896264,0.95881724,0.04
164,-17.54947,1.055316,3.8921201,1.3205225,3.6516354,1.1126761,0.04
165,-17.574919,1.0888617,3.9000115,1.3156064,3.8427513,1.0249747,0.04
166,-17.564398,1.0768119,3.4740307,1.1086757,3.6648622,1.0472374,0.04
167,-17.569859,1.0619655,3.944779,1.2131215,3.6081796,0.964698,0.04
168,-17.591394,1.0871785,3.9511526,1.2356282,3.7707744,0.94247043,0.04
169,-17.5632,1.0176244,3.646604,1.1891533,3.5605228,0.90721166,0.04
170,-17.584915,1.0420043,3.8268716,1.1944122,3.6278715,0.96788824,0.04
171,-17.57366,1.0108184,3.8310425,1.2309978,3.595113,0.9870315,0.04
172,-17.57581,1.0201685,3.4590669,1.070889,3.627601,0.94949853,0.04
173,-17.59602,1.0301034,4.2996373,1.2882563,3.5368483,0.93822837,0.04
174,-17.588018,1.0592431,3.5587177,1.1661006,3.778844,0.9973958,0.04
175,-17.617487,1.0689148,3.6702566,1.1453598,3.9223442,0.9445604,0.04
176,-17.621452,1.0746316,4.5497885,1.4120755,3.6284137,1.0295111,0.04
177,-17.603033,1.0794835,4.7525682,1.5072411,3.6223218,0.969604,0.04
178,-17.609493,1.123442,4.503705,1.4329904,3.7344575,0.95614815,0.04
179,-17.596992,1.0712022,4.5932136,1.5093763,3.7634528,1.0080887,0.04
180,-17.595236,1.0123291,4.0110474,1.362138,3.5499487,0.8973507,0.04
181,-17.58057,0.99872833,3.7759771,1.2370149,3.5517404,0.8859569,0.04
182,-17.579609,1.0698652,3.7667196,1.2659634,3.6373303,0.89001113,0.04
183,-17.633738,1.1199211,3.813503,1.2485405,3.8942714,0.8844773,0.04
184,-17.62739,1.0351193,3.6804469,1.2210863,3.52351,0.96031463,0.04
185,-17.62387,1.0652424,4.53332,1.3250402,3.6804557,0.9296862,0.04
186,-17.611904,1.0186113,4.0543284,1.3068327,3.5624685,0.9800223,0.04
187,-17.639507,1.0930076,4.049049,1.3507872,3.9115112,1.019997,0.04
188,-17.664602,0.9834823,3.818515,1.161953,3.2741513,0.88572747,0.04
189,-17.660734,1.0047141,3.9574869,1.2220958,3.5598948,0.89825433,0.04
190,-17.61684,0.97771853,3.3912306,1.1070946,3.424602,0.90153843,0.04
191,-17.680494,1.0184232,3.8339353,1.1315141,3.712505,0.8592768,0.04
192,-17.607445,0.99944437,3.7785232,1.1534303,3.5737653,0.92910844,0.04
193,-17.658737,0.9622701,3.459545,1.0837969,3.4452097,0.86732435,0.04
194,-17.584707,1.0983908,3.5932388,1.169327,3.8664303,0.9098319,0.04
195,-17.620693,1.0216073,3.930525,1.2255942,3.5616834,0.81556296,0.04
196,-17.661974,1.0335187,3.8924952,1.1845407,3.7114866,0.97352034,0.04
197,-17.639,1.0565819,4.2707243,1.3491524,3.4853518,0.93161917,0.04
198,-17.66496,0.981799,3.808986,1.176535,3.3152184,0.72490525,0.04
199,-17.664864,1.0537285,3.8085525,1.270627,3.8235583,0.94222814,0.04
200,-17.700016,0.9084709,3.511533,1.0894277,3.3029447,0.8522065,0.04
201,-17.674921,0.99741024,3.9629095,1.261254,3.5743184,0.95542216,0.04
202,-17.687534,1.022261,3.6240575,1.1122793,3.6932783,0.9982898,0.04
203,-17.658422,1.0368814,3.4683676,1.0936464,3.7505202,0.9921126,0.04
204,-17.635977,1.0099409,3.644774,1.1690958,3.580792,0.99906915,0.04
205,-17.659794,0.9982548,3.4860022,1.0782112,3.6342392,0.93388236,0.04
206,-17.633673,1.0314801,3.4827569,1.0898052,3.59899,0.90318257,0.04
207,-17.650097,1.0127937,3.6428723,1.1765028,3.7508845,0.96183467,0.04
208,-17.679506,1.024055,3.8791325,1.209164,3.7952812,0.92434245,0.04
209,-17.675817,0.98211235,3.6815352,1.1625528,3.654048,0.91206115,0.04
210,-17.699816,1.0289629,3.2443757,0.9628238,3.780051,0.8611879,0.04
211,-17.692486,0.9865008,3.4746952,1.0697415,3.6147094,0.8791182,0.04
212,-17.712439,1.0256174,3.0755394,0.9968914,3.677366,0.84297234,0.04
213,-17.693586,0.9769579,3.7405596,1.1790028,3.6249557,0.8925192,0.04
214,-17.668016,1.0261455,3.8000352,1.2065063,3.7579768,0.9079694,0.04
215,-17.674702,1.0101794,4.5019445,1.3797764,3.7495348,0.97835827,0.04
216,-17.6736,1.0348837,3.7201798,1.1880511,3.7778492,0.93162,0.04
217,-17.692396,1.0016298,3.7396634,1.1846904,3.4465528,0.8873445,0.04
218,-17.620758,1.0293176,3.631481,1.1548268,3.762312,0.8384683,0.04
219,-17.679478,0.98412496,4.3484464,1.3494366,3.5910304,0.86000234,0.04
220,-17.710827,1.0836751,3.4314651,1.1001239,3.9646804,0.94794995,0.04
221,-17.681374,1.0244619,3.882478,1.1999085,3.6806762,0.9143088,0.04
222,-17.66331,0.99016654,3.6051931,1.155771,3.5711563,0.94609654,0.04
223,-17.648636,1.0073736,3.8865867,1.239497,3.7570815,0.9938034,0.04
224,-17.67911,1.0307021,3.834181,1.2570199,3.6711307,0.88425833,0.04
225,-17.695934,0.95531315,4.00192,1.3264618,3.4122806,0.877317,0.04
226,-17.678236,1.026495,3.922585,1.2408034,3.672332,0.85910344,0.04
227,-17.671824,1.0404055,3.5760102,1.0978192,3.7646694,0.98558384,0.04
228,-17.659117,1.0180001,3.6834147,1.168878,3.8828015,1.0515506,0.04
229,-17.708004,1.0344855,3.7211506,1.1745934,3.6130452,0.9049317,0.04
230,-17.72518,1.0318083,3.6839714,1.0917693,3.8944144,0.8482207,0.04
231,-17.718721,0.97966254,3.388135,1.1579468,3.8309162,1.0838792,0.04
232,-17.72343,1.0082265,3.4589763,1.1762068,3.9569974,1.0079582,0.04
233,-17.696814,1.0203735,3.9487536,1.1865065,3.787902,0.91902643,0.04
234,-17.709082,1.0100116,3.4745357,1.1012386,3.9415808,0.8965469,0.04
235,-17.683125,1.0410447,3.7070842,1.2105782,3.6355634,0.8804995,0.04
236,-17.712446,1.0157298,3.1480174,0.97258675,3.7946262,0.8834534,0.04
237,-17.736866,1.0372932,4.024845,1.2886292,3.726572,0.8953351,0.04
238,-17.717255,0.9547123,3.1752365,1.0237222,3.5436947,0.81797147,0.04
239,-17.666594,0.9765484,4.096775,1.317815,3.5997806,0.9760974,0.04
240,-17.66234,1.0028782,3.3014305,1.0549238,3.9954927,1.0167476,0.04
241,-17.684023,1.000254,3.7500682,1.198077,3.881752,0.88281894,0.04
242,-17.696095,0.97356236,3.7688158,1.1685201,3.595231,0.826055,0.04
243,-17.712486,0.9679252,3.7069323,1.1472559,3.5860045,0.9158238,0.04
244,-17.744358,0.96582824,3.0727124,0.9735214,3.8873878,0.94398606,0.04
245,-17.742043,1.0099442,3.631495,1.1722782,3.9353707,0.8542643,0.04
246,-17.681755,1.0500237,3.9660637,1.2132761,3.9351823,1.0096774,0.04
247,-17.696749,0.970345,3.2159839,1.0698115,3.6171286,0.81560373,0.04
248,-17.728636,0.95733523,3.1675475,0.9703903,3.7078276,0.8831798,0.04
249,-17.672316,1.0249536,3.7866914,1.1840856,4.222469,0.9830371,0.04
250,-17.69167,0.9971408,3.0506442,0.97881186,3.6080155,0.8847168,0.04
251,-17.683474,1.0028534,3.4743066,1.0965544,3.960663,0.9707513,0.04
252,-17.740004,0.9630912,3.7597558,1.3360832,3.8564522,0.87791604,0.04
253,-17.687672,0.9815874,3.0309215,0.9413477,3.7554915,0.9411806,0.04
254,-17.76598,0.9967324,3.2985742,1.0138451,3.8926134,0.9613017,0.04
255,-17.736454,1.0002614,3.2041972,0.94465697,3.6630206,0.9168589,0.04
256,-17.698046,0.956119,3.5508783,1.0903412,3.5724838,0.8522198,0.04
257,-17.702965,0.9418064,2.5241652,0.7297975,3.939982,0.8662076,0.04
258,-17.714367,1.0221187,3.480237,1.0780336,4.0290327,0.9704759,0.04
259,-17.722073,0.9849549,3.1392758,0.918793,3.6984053,0.88881445,0.04
260,-17.7013,1.0741762,3.3988056,1.0259708,3.8508463,0.9763456,0.04
261,-17.711185,0.99314505,3.36523,1.0502378,3.6701818,0.83603936,0.04
262,-17.676409,1.0116028,2.9377515,0.9216141,3.8783214,1.0374212,0.04
263,-17.706257,0.973836,3.033303,0.91888124,3.647673,0.8577209,0.04
264,-17.723484,0.97481865,3.6095865,1.0862862,3.6839545,0.8543772,0.04
265,-17.729092,1.038447,3.2788906,1.0400095,3.850934,0.90026516,0.04
266,-17.685156,1.0232925,3.3535984,0.98413324,3.8206208,0.9121675,0.04
267,-17.71493,0.985219,3.8115542,1.1088713,3.7320638,0.89159656,0.04
268,-17.713406,0.989481,3.6479776,1.1005927,3.8156743,0.9660281,0.04
269,-17.713474,1.0807285,3.6265788,1.0797746,4.094374,1.0007458,0.04
270,-17.69309,0.9755827,3.1811903,0.9736515,3.8062894,0.9513057,0.04
271,-17.714512,0.96571285,3.488162,1.0819168,3.8267963,1.0138272,0.04
272,-17.713064,0.99639666,3.342287,1.1125443,3.8626077,1.0107398,0.04
273,-17.714882,1.0209303,2.861905,0.8941753,4.013805,0.960193,0.04
274,-17.732727,0.9667106,3.1367416,0.9758896,3.8498394,0.90982425,0.04
275,-17.74511,0.97694033,3.4041793,1.0634023,3.7052274,0.9349047,0.04
276,-17.72504,0.96624684,3.2626977,1.01681,3.62891,0.99177456,0.04
277,-17.73361,1.0254313,3.5506628,1.0491178,4.101001,1.0797911,0.04
278,-17.714855,1.0739266,3.3482919,0.9924776,4.125786,1.0092988,0.04
279,-17.729095,0.9881836,3.2328458,1.0166844,4.0278625,0.9786992,0.04
280,-17.725027,0.9819853,3.5177119,1.1350863,3.6581075,0.9013546,0.04
281,-17.732388,0.9931227,2.9284375,0.98930883,3.7817569,0.82149047,0.04
282,-17.730965,1.0139658,3.330393,1.0046796,3.837673,0.91796434,0.04
283,-17.725922,0.98020077,3.0754614,0.9577068,3.7946997,0.96803206,0.04
284,-17.724499,1.000348,3.3477376,1.0467823,3.7519329,0.90051436,0.04
285,-17.748425,1.0068371,3.145599,0.9730027,3.874668,0.90375173,0.04
286,-17.691061,1.0632057,2.7086034,0.83703595,4.0848927,1.0472562,0.04
287,-17.720587,1.0359967,3.3327744,1.0123242,3.993257,0.9734255,0.04
288,-17.733212,0.98161334,3.4880414,1.0162834,3.9731414,0.85674125,0.04
289,-17.742092,0.96317416,3.364703,1.0860088,3.4699633,0.9043034,0.04
290,-17.729492,1.0202221,3.8354497,1.2089878,3.637555,1.0356207,0.04
291,-17.746876,1.0023417,3.1082828,0.91190505,3.9882581,0.971749,0.04
292,-17.704758,1.0236684,3.8204775,1.15009,3.74562,0.8872294,0.04
293,-17.720684,1.0023245,3.631815,1.1218594,3.8090644,0.9658086,0.04
294,-17.73259,1.0346006,2.8680062,0.91632,3.904834,1.0139147,0.04
295,-17.71899,1.0311626,4.1664696,1.3218697,3.9418728,0.8805994,0.04
296,-17.723179,1.0718628,3.2693238,1.0590523,4.0193377,0.97410375,0.04
297,-17.722507,0.97887284,3.8591235,1.261769,3.7274404,0.92836386,0.04
298,-17.712961,0.9853453,3.0649664,1.0037827,3.6001225,0.91851765,0.04
299,-17.73548,1.0269017,3.4713922,1.1146697,4.110332,1.0722821,0.04
300,-17.758242,1.0295107,2.9475822,0.9589805,4.253053,0.9735027,0.04
301,-17.711138,0.9747334,3.2949507,1.0829822,3.71455,0.90401655,0.04
302,-17.722153,1.0148189,3.1521297,0.96556765,3.9339082,0.8802331,0.04
303,-17.7173,0.9842862,3.3465323,1.0519139,3.79741,0.9500896,0.04
304,-17.709524,0.9810945,3.0710742,0.89044493,3.8845232,0.94665575,0.04
305,-17.728174,0.98904717,3.5013008,1.0485095,3.8412933,0.9016261,0.04
306,-17.72597,0.98828924,3.337493,1.0255537,3.9103937,0.9288824,0.04
307,-17.73902,1.0808283,2.9960346,0.9140873,4.390217,1.1311592,0.04
308,-17.784285,1.0122979,3.3458276,1.0871639,4.0215244,0.924818,0.04
309,-17.69548,0.97054774,3.2983403,1.0304062,3.6981628,0.89422697,0.04
310,-17.726465,1.0786258,3.1796153,0.9629181,3.994354,1.0124394,0.04
311,-17.751041,0.92546463,2.9458513,0.90663373,3.814627,0.9589083,0.04
312,-17.75917,1.0059607,3.8025851,1.1774948,3.9834702,1.0236099,0.04
313,-17.749012,0.99200684,3.3387234,1.0178678,4.026085,1.02446,0.04
314,-17.74004,0.96045244,3.332635,1.0200558,3.7374532,0.86562407,0.04
315,-17.739704,0.9456753,3.144905,0.93712527,3.637832,0.93262166,0.04
316,-17.739275,0.99153227,3.3061254,1.0695084,3.820475,0.8853189,0.04
317,-17.762196,0.95846045,3.198501,0.97342056,3.7415936,0.92012835,0.04
318,-17.771795,0.9572047,2.987795,0.8992785,3.925457,0.8833389,0.04
319,-17.74993,1.0123919,3.1652493,1.016154,4.0895433,1.0661783,0.04
320,-17.736559,0.9826403,2.9987464,0.92830074,3.830203,0.8817749,0.04
321,-17.721985,1.0012994,3.3091564,0.973637,3.724132,1.012424,0.04
322,-17.698793,1.009258,3.4134963,1.0306113,4.0626745,0.9460258,0.04
323,-17.726324,1.0130326,3.0597007,0.91363966,4.123902,0.98544854,0.04
324,-17.743586,0.96876913,3.1871622,1.0107646,3.8577845,0.90063816,0.04
325,-17.7498,1.0271493,3.4226286,1.0906978,3.8053298,1.0562954,0.04
326,-17.714218,1.009222,3.5281494,1.1120358,3.9056375,0.9513075,0.04
327,-17.72459,0.9800384,3.076369,0.94122326,3.925476,0.9428175,0.04
328,-17.775126,0.941126,3.0891392,0.9388601,3.6175187,0.90616256,0.04
329,-17.768555,0.94764864,3.391272,1.0395224,3.7425904,1.000962,0.04
330,-17.725937,1.074083,3.4054904,1.0127385,3.9948769,0.95454466,0.04
331,-17.784922,0.9521769,2.7253964,0.8189899,3.719343,1.0165739,0.04
332,-17.7391,1.0631121,3.6991928,1.1325173,4.0821505,0.9406995,0.04
333,-17.74563,1.1640445,3.4102886,1.0179499,4.3101115,0.9475554,0.04
334,-17.730661,1.0088346,3.4414215,1.0738306,4.1702056,0.98554903,0.04
335,-17.750114,1.062728,3.596647,1.1124,4.080739,0.941018,0.04
336,-17.738857,1.0118936,3.6196816,1.1545293,3.7936668,0.9534412,0.04
337,-17.759087,0.94094133,3.513041,1.1229147,3.5137913,0.86266774,0.04
338,-17.756273,0.93701273,3.059567,0.97850513,3.6067643,0.82768303,0.04
339,-17.739187,0.9663271,3.2871985,1.0316758,3.9393537,0.98611355,0.04
340,-17.71382,0.99088424,2.7998822,0.8613263,3.8807476,0.92957634,0.04
341,-17.724783,1.0771625,3.1461692,0.9869278,4.1346283,0.95704174,0.04
342,-17.741718,0.9444242,3.0503597,0.9929148,3.914245,1.0660504,0.04
343,-17.716894,1.0530504,3.660467,1.1355705,4.23135,1.1263368,0.04
344,-17.710918,1.0268502,2.944317,0.880897,3.8435614,0.97180825,0.04
345,-17.758379,1.0107455,3.5330472,1.1557304,3.9603684,0.97331613,0.04
346,-17.748363,0.9565971,2.9509566,0.9146364,3.8456562,0.8971563,0.04
347,-17.775175,0.99872285,3.130822,0.9920706,4.0390034,1.0691177,0.04
348,-17.726387,0.9753242,2.9259927,0.9664082,3.8151064,1.0080541,0.04
349,-17.764631,0.9938815,2.6973333,0.86572045,4.109327,1.0133605,0.04
350,-17.735643,1.0017059,3.132523,0.97851676,3.849872,0.984675,0.04
351,-17.760105,1.025823,3.378454,1.053634,4.1847014,1.0153661,0.04
352,-17.76849,0.93334377,2.5425174,0.819091,3.5747871,0.9333296,0.04
353,-17.769215,0.99951875,2.914421,0.87525123,4.031062,0.93329316,0.04
354,-17.75777,1.0491698,3.0869446,0.9787259,3.9796517,0.9869363,0.04
355,-17.780027,0.95011526,3.2030783,0.95352215,3.6662943,0.99669033,0.04
356,-17.776583,0.9700641,3.403309,1.0315454,3.675804,0.91598946,0.04
357,-17.725183,1.0216153,3.141707,0.9254706,3.8040442,0.94013345,0.04
358,-17.76552,0.9528306,2.8602166,0.84168005,3.6275716,0.92872673,0.04
359,-17.781773,0.99786204,3.5466814,1.0942506,3.9410841,0.97347265,0.04
360,-17.76468,1.0185605,3.5297391,1.1130168,3.79047,0.93516773,0.04
361,-17.756285,0.9976196,2.9318433,0.9157659,3.9284327,0.99125105,0.04
362,-17.763178,1.0084751,3.5648127,1.0872022,3.9624276,0.9245338,0.04
363,-17.747723,1.0035874,3.4867482,1.083018,4.0678954,0.9917431,0.04
364,-17.765533,0.9419862,3.3748953,1.0380397,3.7420068,1.0282812,0.04
365,-17.73532,0.9809977,3.8771334,1.2524807,3.8172536,0.95238245,0.04
366,-17.77036,0.9453063,3.3734734,1.0246733,3.4405496,0.8265224,0.04
367,-17.764585,1.0045509,3.248359,0.99953586,3.6672082,0.9854411,0.04
368,-17.719746,0.98110515,2.9852953,0.924059,3.8329852,0.9687155,0.04
369,-17.780912,1.0291833,3.1626055,1.0019968,3.9034967,0.90205973,0.04
370,-17.724728,0.95966685,3.014295,0.9540288,3.7018712,0.95401156,0.04
371,-17.777058,0.96772707,3.3954983,1.0377704,3.7204895,0.9240305,0.04
372,-17.784565,0.97895616,3.0795276,0.9325485,3.76202,0.97140276,0.04
373,-17.725275,0.9930975,3.131166,0.9723689,3.4691215,0.9511574,0.04
374,-17.731308,1.0457119,3.3171527,0.9990988,3.8010142,1.0123216,0.04
375,-17.73467,1.0293928,3.189149,0.97381175,3.823019,0.95261806,0.04
376,-17.74931,0.95905006,2.7853584,0.88305295,3.7376087,0.9138097,0.04
377,-17.790556,0.9336955,3.664346,1.2072365,3.5502217,0.8851393,0.04
378,-17.80244,0.9591545,3.2292082,0.9631656,3.8927982,0.99409395,0.04
379,-17.702412,0.9687517,2.564722,0.84271747,3.9262183,0.949441,0.04
380,-17.738178,0.99185586,3.0275695,0.969492,3.914775,0.93299997,0.04
381,-17.727684,0.97914416,3.3036888,1.0351243,3.9094143,0.87548846,0.04
382,-17.735035,0.9421762,2.7808394,0.8873522,3.7862322,1.020107,0.04
383,-17.732067,1.011477,2.8009808,0.84272426,3.9731987,0.88850117,0.04
384,-17.746496,1.0060742,3.9472551,1.1523441,3.7783804,0.89330465,0.04
385,-17.759926,0.9338951,3.369529,1.0578306,3.3934977,0.855653,0.04
386,-17.736511,1.0190583,3.3869817,1.0569488,3.7973871,0.9769424,0.04
387,-17.741756,1.0725974,3.466851,1.0803287,3.8077993,1.0157182,0.04
388,-17.716402,0.99265003,3.0549335,0.9744093,3.9582694,1.0302293,0.04
389,-17.744038,0.93237275,2.6702173,0.89575726,3.6613176,0.9409112,0.04
390,-17.753065,0.9160743,2.7853913,0.87564796,3.6357193,0.8400503,0.04
391,-17.760965,0.9667519,3.7418969,1.1923106,3.4947317,0.89393115,0.04
392,-17.755886,0.9703493,2.8595808,0.89840066,3.5719624,0.89607066,0.04
393,-17.737146,0.9436489,3.2124488,0.99005264,3.5358493,0.8470006,0.04
394,-17.736675,0.97899055,3.4507968,1.0561838,3.9233043,0.9213459,0.04
395,-17.738821,1.039857,3.4081182,1.1293103,3.8214226,1.0573347,0.04
396,-17.728535,0.9739685,3.046231,0.9356284,3.8793404,0.9306122,0.04
397,-17.754576,0.954768,2.884054,0.9501712,3.703746,0.9942434,0.04
398,-17.796122,1.019426,2.6775258,0.8749572,4.1792355,1.2038717,0.04
399,-17.727379,1.0349566,3.2842238,1.0372121,4.2235565,1.0643365,0.04
400,-17.735003,0.9721753,2.4780889,0.78345764,4.3326654,1.0825515,0.04
401,-17.750465,0.9459547,2.7289846,0.8061055,3.8761606,1.0379102,0.04
402,-17.746895,1.0691937,3.059564,0.9719611,4.0417824,0.94336694,0.04
403,-17.711988,1.0261278,3.175353,1.0339276,4.0072646,0.8116567,0.04
404,-17.772562,0.9981506,3.5216506,1.1876187,3.875541,0.9789632,0.04
405,-17.775442,0.9625485,3.3823717,1.0852635,3.882085,1.027225,0.04
406,-17.734133,0.9184034,2.8382561,0.90692335,3.71746,0.8891326,0.04
407,-17.762497,0.9342736,2.8457727,0.9172235,3.609237,0.8784867,0.04
408,-17.713867,0.9491143,2.9917135,1.0022672,4.010452,1.0501535,0.04
409,-17.764116,0.9700097,3.222412,0.99794286,3.8275528,0.9250836,0.04
410,-17.78096,0.9757041,2.6649065,0.85086256,3.8725953,0.93648034,0.04
411,-17.765478,1.028874,2.661839,0.8007656,4.0050335,0.8641243,0.04
412,-17.739128,0.97171134,2.65021,0.83987004,3.799404,0.94702727,0.04
413,-17.773006,1.0518541,3.4249127,1.0724937,3.9420004,0.9270494,0.04
414,-17.746912,0.94550306,2.74778,0.9033119,3.7236452,0.96023023,0.04
415,-17.711329,1.0331742,2.6279526,0.8132842,4.0671506,0.9920435,0.04
416,-17.77607,0.9260557,2.8420784,0.8864039,3.5923166,0.7741311,0.04
417,-17.788464,1.012919,3.0073488,0.89103353,3.9632034,0.8734587,0.04
418,-17.73694,0.9422337,3.1489503,0.9618037,3.5975835,0.9038137,0.04
419,-17.744349,0.991616,2.90469,0.88770574,3.7953165,0.8553182,0.04
420,-17.768312,0.94347847,2.7000372,0.87484866,3.4990914,0.8906867,0.04
421,-17.78198,0.99331206,3.2409742,1.0732832,3.818568,0.9028947,0.04
422,-17.79075,1.0048107,3.0920641,1.0081978,3.6924171,0.95182675,0.04
423,-17.775927,1.0088063,3.1255636,0.98889273,3.7086148,0.96917903,0.04
424,-17.733246,1.1042167,3.1113846,1.0084063,4.240699,0.9420201,0.04
425,-17.748013,0.93808866,2.6486742,0.872522,3.7124822,0.88377035,0.04
426,-17.768703,1.013377,3.0736923,0.98102635,4.1249146,1.0184597,0.04
427,-17.763132,0.9756218,2.7567756,0.87172776,3.7424734,0.8527693,0.04
428,-17.734371,0.91641,3.1226828,1.0417681,3.6210577,0.84753627,0.04
429,-17.7143,0.96197015,3.065356,0.99725884,3.7500684,0.90922785,0.04
430,-17.776648,0.99197745,3.271162,1.1204885,3.8944619,0.91401356,0.04
431,-17.736698,1.0063845,2.9899907,0.9848044,3.8552818,0.9928326,0.04
432,-17.76161,1.0106988,3.0974445,0.9892397,4.140272,0.8322066,0.04
433,-17.77581,0.9224484,2.708913,0.90792614,3.3458107,0.7637548,0.04
434,-17.753223,1.013543,3.1964235,0.99915636,4.1480975,1.0332168,0.04
435,-17.791834,1.0175323,3.2351017,1.0415728,4.0283713,0.9397273,0.04
436,-17.759365,1.0314018,2.8156521,0.9257362,4.039041,1.102384,0.04
437,-17.786882,0.9695872,2.847033,0.90140986,3.7540817,0.8491019,0.04
438,-17.796494,0.92154944,2.59086,0.88958776,3.7144113,0.9265116,0.04
439,-17.769743,1.0096104,2.913657,0.9625795,4.1615443,1.0079529,0.04
440,-17.743515,1.0302178,2.9099526,0.9052958,3.8524902,0.90577716,0.04
441,-17.779144,1.0135331,2.7371337,0.8388181,4.136099,1.0279231,0.04
442,-17.76816,0.9363456,3.4695978,1.0999346,3.8519583,0.85517764,0.04
443,-17.781809,0.9346245,3.0474768,0.930343,3.6407351,0.78380847,0.04
444,-17.765074,0.9995308,2.825,0.8871866,3.9927075,0.9816402,0.04
445,-17.742414,0.9569278,3.137473,1.0016135,3.8967054,0.84512687,0.04
446,-17.759758,0.894159,2.6910963,0.8549874,3.5242243,0.8922032,0.04
447,-17.784262,0.96660095,2.9864354,0.9983558,3.9696014,1.0324855,0.04
448,-17.7331,1.0722996,3.065829,1.0019605,4.110081,1.0958717,0.04
449,-17.796028,1.0210117,2.4413052,0.7752815,4.137082,1.0358509,0.04
450,-17.77577,0.94040525,3.1021578,1.0054735,3.931853,0.99752045,0.04
451,-17.755133,0.9810342,2.66742,0.85013276,3.8273103,1.0229162,0.04
452,-17.809052,0.9772363,2.7991679,0.9313122,3.9521194,0.8879162,0.04
453,-17.739117,0.9961608,2.703823,0.83789724,4.1316624,1.0154454,0.04
454,-17.760075,0.99568266,2.9124427,0.92194617,3.8647113,0.943984,0.04
455,-17.74034,1.0517614,3.2037208,1.0196571,4.299093,1.0728359,0.04
456,-17.786472,1.0033952,2.8343685,0.8916407,4.185583,1.0240239,0.04
457,-17.79473,0.9649405,2.724645,0.87032974,3.882396,0.9257079,0.04
458,-17.815971,0.9741985,3.044263,1.0256008,3.6892998,0.83406466,0.04
459,-17.77831,0.9690916,3.564051,1.1455392,3.6654387,0.8798217,0.04
460,-17.744488,0.943493,3.1605906,1.0181266,3.7856092,0.9475245,0.04
461,-17.80029,0.92542005,3.3602226,1.103081,3.7295675,0.7690358,0.04
462,-17.768126,1.0554675,3.112812,1.027265,4.1247854,0.9883799,0.04
463,-17.768755,1.0108961,3.49957,1.1764445,4.0386944,0.9550324,0.04
464,-17.80037,0.9819865,2.822788,0.9237172,3.9092274,1.0489025,0.04
465,-17.711859,1.0347186,3.1532474,1.0783466,4.053933,1.0125008,0.04
466,-17.779398,0.932839,3.1115317,0.9982334,3.6869714,0.90019584,0.04
467,-17.773699,0.97921205,3.122703,1.0265579,4.052864,1.0149052,0.04
468,-17.758554,1.0087714,3.187915,1.0040009,3.932807,0.97633535,0.04
469,-17.81243,0.96523434,2.9381518,0.93659097,4.035896,1.0779325,0.04
470,-17.792376,0.9515486,2.9464471,0.9240331,3.5823534,0.95104825,0.04
471,-17.754602,0.98165584,2.378594,0.73644906,3.9700544,0.92109704,0.04
472,-17.745832,0.99738115,2.7668924,0.87812454,3.7749667,0.93396944,0.04
473,-17.777939,0.9924029,2.7444012,0.8446608,3.8834274,1.004168,0.04
474,-17.754854,0.95883006,3.311893,0.9705296,3.7627223,1.0545372,0.04
475,-17.77856,1.0353382,3.1293051,0.9885316,4.173042,0.91515267,0.04
476,-17.753029,0.93163854,2.8332589,0.90396124,3.9304204,0.9483841,0.04
477,-17.790281,0.94509184,2.9119647,0.92042834,3.81752,0.88679767,0.04
478,-17.768715,0.9765293,3.1368814,1.0088606,3.8658493,0.90292597,0.04
479,-17.746841,1.0763121,3.0688925,0.9883313,4.0820594,1.2095613,0.04
480,-17.761051,0.9871608,2.9669914,0.99793965,3.7467752,0.9612027,0.04
481,-17.7669,1.0198958,3.5136957,1.1192255,3.9233208,1.0262859,0.04
482,-17.764763,0.9380473,3.0668437,0.9621156,3.71391,0.8364633,0.04
483,-17.758976,1.0084172,2.7550812,0.91113013,4.1783676,1.13839,0.04
484,-17.726238,0.9856065,2.8589528,0.89985365,4.0965223,1.0009979,0.04
485,-17.767723,0.95516074,3.0600293,0.9730432,3.908119,0.9855859,0.04
486,-17.751715,0.95797944,2.6412432,0.8117319,3.9776003,0.91363823,0.04
487,-17.760616,0.94429624,3.5534198,1.1275903,3.7704508,0.9899149,0.04
488,-17.803026,0.98756605,3.77194,1.1911311,3.8164098,0.9530235,0.04
489,-17.76125,0.90739226,3.053442,0.94291955,3.751298,0.9263245,0.04
490,-17.75293,1.0388674,3.469519,1.1246037,4.002882,1.0112196,0.04
491,-17.760445,0.99253696,3.4460247,1.0775992,3.5868804,1.0468258,0.04
492,-17.769018,0.9670314,3.4354656,1.124089,4.00759,1.0198721,0.04
493,-17.751308,0.91249967,3.189207,0.9437314,3.8777542,0.9507301,0.04
494,-17.739508,0.99433076,3.4040153,1.049711,3.8802135,0.85819733,0.04
495,-17.773308,0.9246547,2.8123324,0.8627497,3.625916,0.9128004,0.04
496,-17.77775,1.0166978,3.033579,0.9473307,3.9674163,1.0063815,0.04
497,-17.73864,0.9542714,2.9291363,0.89888906,3.8979647,0.9917426,0.04
498,-17.724203,0.9525516,2.7205975,0.8071116,3.8710532,1.0036604,0.04
499,-17.76497,1.0089623,2.7685213,0.8910422,3.7936852,0.9727384,0.04
500,-17.766043,0.9601985,3.0799482,0.8887074,3.5740943,0.88546443,0.04
501,-17.721039,0.9598764,3.1622734,0.9671188,3.7753797,0.88320184,0.04
502,-17.779434,0.9858151,3.116596,0.9695555,3.7916238,1.0343692,0.04
503,-17.748272,1.0186582,3.099198,0.9501031,3.9687045,1.0589795,0.04
504,-17.771303,1.0218786,2.891232,0.8974254,3.9513063,0.9832799,0.04
505,-17.7949,0.8879906,2.6347408,0.8497903,3.402834,0.8619127,0.04
506,-17.773914,0.9653079,2.7103844,0.7909889,3.7316782,0.9275805,0.04
507,-17.76196,1.1527694,3.1578794,1.0086015,4.047819,0.96685714,0.04
508,-17.765043,0.9402545,2.5018125,0.7661327,3.4833424,0.83887786,0.04
509,-17.755945,0.91751975,3.3507729,1.0510104,3.7914224,0.90695024,0.04
510,-17.731646,1.300808,3.0963407,0.9771312,4.851107,1.0164869,0.04
511,-17.729958,0.9647726,3.1616416,0.9950896,3.6487784,0.84015805,0.04
512,-17.746449,0.90624315,3.0505595,0.9235758,3.6546812,0.75204563,0.04
513,-17.791203,0.97564733,3.1562324,0.9519677,3.6794193,0.90007466,0.04
514,-17.780228,0.9957793,2.6691778,0.81718063,3.8339272,0.85975164,0.04
515,-17.770828,0.9491049,2.6579566,0.775843,3.755829,0.8313952,0.04
516,-17.782316,0.92651737,2.8226538,0.8584279,3.5932238,0.80800074,0.04
517,-17.799614,0.9087514,3.2307882,1.0620651,3.893384,0.88812083,0.04
518,-17.766464,1.015124,3.20784,0.9775014,3.738004,0.90380186,0.04
519,-17.77015,0.8996719,3.0608222,0.9351561,3.5511215,0.86669266,0.04
520,-17.784063,0.88476974,2.8165736,0.8474421,3.473608,0.8480255,0.04
521,-17.773558,1.0165598,3.0035043,0.95237607,4.1574445,0.98611057,0.04
522,-17.747639,0.94310504,2.8187099,0.8354122,3.7777328,1.0204972,0.04
523,-17.762867,0.9670913,2.6719344,0.82852995,3.5315166,0.91384053,0.04
524,-17.73667,0.96886873,3.3816645,1.0095692,3.5648282,0.92128193,0.04
525,-17.808132,0.9995722,3.2533538,0.9499549,3.7614172,0.9459589,0.04
526,-17.808765,0.8580671,3.1571052,0.9505708,3.2331905,0.696826,0.04
527,-17.748371,0.95591015,3.4478202,1.0845507,3.3854187,0.96219116,0.04
528,-17.752258,0.9989737,3.0631683,0.92337465,3.9734595,0.876831,0.04
529,-17.76448,0.98284775,3.5699885,1.0239375,3.6834857,0.8361197,0.04
530,-17.768827,1.0036525,3.4620738,1.0311474,3.7350955,0.8442943,0.04
531,-17.766554,0.88694704,2.8421235,0.8485281,3.5346162,0.96841115,0.04
532,-17.73936,1.0799055,2.8488674,0.87336785,3.989124,0.9925285,0.04
533,-17.75813,0.9327729,2.7685776,0.8366927,3.716558,0.9207275,0.04
534,-17.74423,0.97842544,2.7660003,0.8392993,3.9755661,0.9531581,0.04
535,-17.770813,0.8650328,2.932978,0.91135156,3.3956277,0.81920224,0.04
536,-17.792915,0.9360827,3.088019,0.98219156,3.6304364,0.90258646,0.04
537,-17.747066,0.99542665,3.1929014,0.9594644,3.879703,0.9321964,0.04
538,-17.758495,0.92709965,3.010636,0.96998835,3.6430838,0.8698717,0.04
539,-17.775492,1.0184133,3.1377542,0.9835422,4.2442465,0.9871393,0.04
540,-17.759253,0.93862057,3.3220563,1.0352092,3.7989383,0.8835956,0.04
541,-17.759357,0.9974161,3.3426871,1.0666162,4.075898,1.037352,0.04
542,-17.754047,0.9460787,2.4980543,0.7815983,3.710914,0.87685233,0.04
543,-17.792007,0.97044265,2.8023684,0.90060204,3.6591306,0.980754,0.04
544,-17.799421,0.9400854,2.872807,0.88622475,3.973598,0.9317164,0.04
545,-17.746046,1.0104176,3.4030178,1.1952585,3.846225,1.019868,0.04
546,-17.80049,0.9668699,3.096702,0.9909766,3.7583318,1.0005119,0.04
547,-17.796206,0.98333126,3.4997683,1.1633619,3.4648132,0.92419636,0.04
548,-17.810965,0.99226385,3.0907514,0.99871397,3.85169,1.0339724,0.04
549,-17.768621,0.9445908,3.3617227,1.0648018,3.740994,1.0258592,0.04
550,-17.720524,0.9431516,2.6919594,0.8138401,3.9153702,0.8420412,0.04
551,-17.748604,0.9743408,2.594737,0.841155,3.7842605,0.9076455,0.04
552,-17.777878,1.118295,2.9624875,1.0404556,4.015717,1.0659968,0.04
553,-17.750668,0.9954362,3.1100652,0.9981332,3.704101,0.8160643,0.04
554,-17.782585,0.96656466,3.2863338,1.027417,3.6462119,0.9006854,0.04
555,-17.787645,0.99005616,3.0725374,0.9790576,3.8292072,0.97322714,0.04
556,-17.760603,0.9176596,3.4668083,1.1506522,3.6249824,0.923517,0.04
557,-17.777203,0.9057738,3.1945918,0.9538207,3.6797762,0.80712515,0.04
558,-17.724768,1.0807347,3.1964397,0.9869181,4.3202295,1.0498853,0.04
559,-17.746395,0.96675014,3.2100875,0.9925393,3.743627,0.9472727,0.04
560,-17.77628,0.9359341,2.9014318,0.91722476,3.7128015,0.9362253,0.04
561,-17.771406,0.9438302,3.4641938,1.0824977,3.5254292,1.0724554,0.04
562,-17.763102,0.93315405,3.755611,1.1553811,3.6449287,0.9381314,0.04
563,-17.780209,0.98396695,3.5033512,1.1027006,3.6045523,0.9954432,0.04
564,-17.757605,0.97612596,4.0434594,1.2000124,3.7214065,0.8738232,0.04
565,-17.776356,0.9006793,3.2928612,1.0535228,3.4916375,0.95112896,0.04
566,-17.729351,1.029917,3.699877,1.1165535,3.9563293,1.0444843,0.04
567,-17.761887,0.9340151,2.7669818,0.877875,3.5702221,0.94861865,0.04
568,-17.760857,0.94891346,2.9615452,0.9572531,3.7972686,0.91402054,0.04
569,-17.791481,0.9353246,3.1456203,1.0378885,3.5562577,0.9530644,0.04
570,-17.76925,0.9877489,3.3113198,1.1304817,3.7576592,0.9605606,0.04
571,-17.761898,0.9753195,2.6433609,0.8916171,3.9714715,0.881114,0.04
572,-17.734306,1.1555022,3.6147916,1.2042284,4.5347786,1.0316973,0.04
573,-17.758085,0.97937167,3.3140318,1.0373145,3.682511,0.87328154,0.04
574,-17.735783,0.988893,3.9270778,1.2358493,3.9883368,1.1840724,0.04
575,-17.808678,1.0120887,2.767558,0.908271,3.9376643,1.1874194,0.04
576,-17.765663,0.9846855,2.9691455,0.9608283,3.614872,0.83887917,0.04
577,-17.684797,1.0590818,3.7358165,1.181019,4.021582,0.906954,0.04
578,-17.744017,1.0071105,3.4605792,1.0965651,3.8432755,0.9329354,0.04
579,-17.732502,0.93898547,3.3225832,1.0382562,3.7608862,0.9198826,0.04
580,-17.739626,0.9497952,3.4524221,1.0884709,3.674366,0.90920186,0.04
581,-17.775967,0.91652083,3.141305,0.9904508,3.7143056,0.90862906,0.04
582,-17.75746,1.026992,2.9521055,0.94834244,4.0611286,0.86741656,0.04
583,-17.764,0.9701203,3.5872324,1.1321092,3.8168097,0.8991725,0.04
584,-17.76624,0.9460185,3.6494513,1.1441572,3.6987693,1.0192454,0.04
585,-17.74246,0.9525807,2.720577,0.87507886,3.9103224,1.0736477,0.04
586,-17.718033,1.0052707,2.9213107,0.9439979,4.0315504,0.91044027,0.04
587,-17.782606,0.9393202,3.4012902,1.042977,3.5955513,0.98074216,0.04
588,-17.799633,0.9334356,3.2577498,1.0164933,3.63278,0.8322043,0.04
589,-17.752468,0.889788,3.2743495,1.0348088,3.6251504,0.83257246,0.04
590,-17.790031,0.9972919,3.3810174,1.1087524,4.0422764,0.93351007,0.04
591,-17.733353,0.9706857,3.4976318,1.1344644,3.7405462,0.99926007,0.04
592,-17.762815,0.9554127,3.0738235,0.9956624,3.9522119,0.98946446,0.04
593,-17.796335,0.9289502,2.7960284,0.9238203,3.9855125,0.9896533,0.04
594,-17.771906,0.94274384,3.3173218,1.0518972,3.8491032,0.9298106,0.04
595,-17.761192,1.0251837,3.4001524,1.125384,4.1084146,1.0320084,0.04
596,-17.784227,1.0452917,3.4486687,1.137204,4.0344143,1.0554041,0.04
597,-17.724903,1.0660238,3.188682,1.057918,4.1177034,0.97392654,0.04
598,-17.781288,0.98201036,2.723843,0.9000552,4.0331297,1.0168791,0.04
599,-17.78451,1.0394683,2.8996072,0.9192141,3.971071,0.90795135,0.04
600,-17.769989,1.0391521,2.9872875,0.9762086,3.9413214,1.0486989,0.04
601,-17.792837,0.9688957,3.3952549,1.085273,3.8542814,1.058733,0.04
602,-17.76439,1.0215955,3.2031248,0.98528713,3.9903398,1.0492355,0.04
603,-17.732124,1.0145057,3.5906324,1.1214883,4.07097,0.92476106,0.04
604,-17.774496,0.96893525,3.3838847,1.0691954,3.7272558,0.92180264,0.04
605,-17.735062,1.0984447,3.0898583,0.9892352,4.1044555,1.0487683,0.04
606,-17.753044,1.0989714,3.3429234,1.0925936,4.052772,1.0399265,0.04
607,-17.789799,1.0208011,3.8109753,1.174429,3.8638165,0.9851919,0.04
608,-17.741432,0.97684747,2.8656037,0.90396464,3.99408,1.058371,0.04
609,-17.748426,0.9826233,3.1897123,1.0046116,3.948018,1.0009638,0.04
610,-17.791754,0.9882602,3.5650797,1.0991434,3.7983272,0.9971006,0.04
611,-17.75193,1.0048608,3.5193076,1.102896,4.1661935,1.0789713,0.04
612,-17.758814,1.0356236,3.1325526,1.0103542,4.057171,0.92337143,0.04
613,-17.737677,0.9416671,2.7684324,0.91195977,3.9038506,0.9369803,0.04
614,-17.785173,1.0112581,2.8565373,0.9313749,4.195643,1.1179894,0.04
615,-17.750803,0.9506402,3.1983902,1.064341,3.642053,0.8728546,0.04
616,-17.782734,0.98553026,3.232903,1.1322607,3.8344653,0.98114043,0.04
617,-17.79398,0.98710597,3.4399278,1.127823,4.0642715,1.088423,0.04
618,-17.813515,0.94834214,3.5683012,1.2153789,3.539863,0.935392,0.04
619,-17.740368,1.0514456,2.7028673,0.91006047,4.083766,0.9739849,0.04
620,-17.784704,1.0107684,3.3437657,1.0821747,3.7800589,1.064934,0.04
621,-17.725876,1.0075378,3.07709,1.0109099,3.8669593,0.95708966,0.04
622,-17.79317,0.9207174,3.2645307,1.037958,3.647832,0.901347,0.04
623,-17.770695,1.0340152,3.310394,1.0616376,4.3519106,1.1006699,0.04
624,-17.77473,0.9514351,3.0491638,0.96146667,3.7053783,0.8988251,0.04
625,-17.754301,0.9566256,3.2283564,1.0215979,3.9690964,0.95931023,0.04
626,-17.774218,0.9816839,3.194875,0.99081725,4.0430317,1.018053,0.04
627,-17.812649,1.0169383,3.191886,1.0295312,3.9854102,1.0703703,0.04
628,-17.736448,1.014322,3.6768174,1.2337495,3.7901995,0.9542637,0.04
629,-17.674358,0.9894651,3.4806437,1.1152542,3.7223537,1.0372845,0.04
630,-17.728773,1.0106978,2.670012,0.891356,4.1149693,0.97852975,0.04
631,-17.758373,0.9537089,3.1600537,1.0578283,3.656725,0.93561906,0.04
632,-17.736172,0.9359891,3.2738695,1.1016823,3.7831736,0.8735433,0.04
633,-17.744701,1.056341,3.6682117,1.2427659,4.2905555,1.0242075,0.04
634,-17.768446,1.0508668,3.507162,1.0779876,4.22326,1.0436832,0.04
635,-17.734594,0.9238944,3.3904142,1.0840209,3.3487277,0.8558132,0.04
636,-17.773516,0.92905945,3.5613186,1.1864531,3.7528417,0.8603923,0.04
637,-17.783295,0.98403615,3.684471,1.1553106,3.9618497,0.9543403,0.04
638,-17.756222,0.9525285,3.1070337,0.98967063,3.9788268,0.9522289,0.04
639,-17.790173,0.89534545,3.331794,1.1148416,3.4949942,0.76677877,0.04
640,-17.742407,1.0760394,3.4966235,1.1353253,4.2048078,1.101304,0.04
641,-17.746965,1.0909673,3.3397133,1.099426,4.423012,0.96867925,0.04
642,-17.767418,0.9774897,3.7352571,1.1439747,3.7465453,0.94432217,0.04
643,-17.71593,0.9570143,3.1660194,1.0660435,3.91153,0.9359429,0.04
644,-17.782913,0.9783183,3.1737394,0.9679969,3.8509536,0.92088985,0.04
645,-17.730286,0.96943235,2.6842756,0.7855434,4.0578337,0.9627036,0.04
646,-17.767868,1.0253807,3.5367992,1.0347366,3.9131505,0.95622015,0.04
647,-17.796055,1.0036566,3.2237196,0.97091806,3.9511707,1.0449507,0.04
648,-17.769918,0.9881255,3.0629337,0.9469149,3.780631,0.8583079,0.04
649,-17.76444,0.9837023,3.1035292,0.97526306,3.8716853,0.87499076,0.04
650,-17.753077,0.92935586,2.5552378,0.7506092,3.5583797,0.8627733,0.04
651,-17.777754,1.0109507,2.8300714,0.8576553,3.880734,0.95941204,0.04
652,-17.810421,0.97613186,3.6315336,1.100144,3.9355147,0.916662,0.04
653,-17.817236,0.969953,3.095537,0.98250926,3.7944167,1.0575043,0.04
654,-17.741177,0.9480736,2.763826,0.8748994,3.8111105,0.9795796,0.04
655,-17.72276,0.96251,3.565118,1.0758243,3.9772644,0.9625444,0.04
656,-17.77892,0.8802553,2.9344292,0.8876668,3.5733154,0.80189216,0.04
657,-17.768991,0.9871228,2.608233,0.79158276,3.725759,0.94445026,0.04
658,-17.813135,0.97693574,2.7456713,0.9075579,3.7588496,0.8971227,0.04
659,-17.73603,0.95790637,3.095908,0.95378304,3.76894,0.9496965,0.04
660,-17.742767,0.88560945,2.6406152,0.8215056,3.407567,0.8474064,0.04
661,-17.793528,0.9392613,2.898869,0.8817453,3.8057027,0.98499674,0.04
662,-17.80275,0.9522801,3.0325878,0.9300699,3.711832,0.9433534,0.04
663,-17.743317,0.91828465,2.5868535,0.786161,3.8759515,1.0993879,0.04
664,-17.790705,0.94261605,2.8395286,0.87735474,3.6131046,1.0251409,0.04
665,-17.783022,0.9738276,3.351033,1.0264404,4.0241303,0.8674052,0.04
666,-17.775875,1.0084312,3.4420388,1.0849072,4.0362663,0.9426642,0.04
667,-17.736977,1.0153755,2.630465,0.8259521,3.815582,0.8801836,0.04
668,-17.754793,1.1529673,3.1810625,0.93809307,4.3117146,1.1083281,0.04
669,-17.744602,0.95084083,2.662027,0.8057354,3.8951647,0.93647546,0.04
670,-17.766308,0.96430755,2.8392022,0.8578933,3.7634723,0.9097377,0.04
671,-17.81022,0.92898655,2.8805335,0.84173524,3.8318222,0.955428,0.04
672,-17.729988,1.0925847,3.085082,0.9825704,3.8952577,0.85392654,0.04
673,-17.795387,0.96991813,2.9390335,0.90974474,3.6880019,0.96556646,0.04
674,-17.739672,1.0215313,3.6068347,1.1508453,3.8105245,0.87968355,0.04
675,-17.735012,0.9502741,3.2289872,0.96095055,3.737108,0.88629735,0.04
676,-17.789024,1.0805739,3.08655,0.98992217,4.259479,0.9486288,0.04
677,-17.762,0.97144234,2.8907225,0.97033507,3.474859,0.8506722,0.04
678,-17.791487,0.9321245,3.027955,0.986443,3.5121944,0.9383891,0.04
679,-17.788,0.9895094,2.922673,0.9221797,3.9503348,0.9973255,0.04
680,-17.74342,0.9267263,2.6410685,0.8367113,3.9096828,1.0155581,0.04
681,-17.794806,0.9217163,3.470029,1.0567554,3.572509,0.78830725,0.04
682,-17.750547,1.0536671,3.6892405,1.1262492,3.9558873,0.8449295,0.04
683,-17.780928,1.0506054,3.877467,1.1799546,3.944813,1.0121942,0.04
684,-17.811258,1.0719047,3.6321635,1.035191,4.2641525,0.99554205,0.04
685,-17.77717,1.0047702,4.4627504,1.3349576,3.931547,0.894961,0.04
686,-17.754166,1.0106018,5.703179,1.6585181,3.8324084,0.9655227,0.04
687,-17.71509,1.0482578,6.9621215,2.0114322,3.8679516,1.1205095,0.04
688,-17.704124,1.1055233,11.944721,3.4085064,3.9339857,0.9515621,0.04
689,-17.601955,1.3430605,25.33728,7.2652984,3.939982,0.96351755,0.04
690,-17.33503,2.277441,57.852047,16.208889,5.6664205,1.4900547,0.04
691,-17.720985,5.956357,110.46,31.168045,10.89177,2.7173214,0.04
692,-57.180504,168.04184,999.145,270.42563,188.83917,50.023487,0.04
693,-21666626000.0,149014610000.0,880798200000.0,272634330000.0,713611700000.0,274972080000.0,0.04
