epoch,energy,energy_std,grad_amp_before,grad_phi_before,grad_amp_after,grad_phi_after
0,-9.544368,4.3044147,23.914392,12.121682,1.2071171,1.9690698
1,-9.965324,4.2450805,24.591724,6.5835457,1.0470787,1.7093439
2,-10.185371,3.9765732,21.60487,4.957295,0.91618466,1.5325842
3,-10.320189,3.9966216,22.290747,4.157283,0.9044281,1.48309
4,-10.618885,4.033914,23.377563,3.580381,0.8025798,1.4004066
0,-10.618885,4.033914,23.377563,3.580381,0.8025798,1.4004066
1,-10.985284,3.869555,21.97599,2.6311283,0.7258663,1.298159
2,-11.253467,3.8851748,22.620579,2.602865,0.7000519,1.2646209
3,-11.47989,3.8982723,23.4397,2.4583378,0.6711289,1.2489928
4,-11.547178,3.7531574,21.286266,2.442998,0.6177498,1.1675622
5,-11.702964,3.5630891,20.194626,2.3982153,0.6239714,1.1498377
6,-11.916215,3.6482835,21.741606,2.1852503,0.57876754,1.1455584
7,-12.19716,3.5363483,20.564058,2.263272,0.5636613,1.0836875
8,-12.361534,3.5417309,21.000067,1.9819366,0.5589977,1.0926031
9,-12.410065,3.4559698,20.426035,1.8932954,0.5189774,1.0187699
10,-12.618891,3.3818295,19.164175,1.6512839,0.5033619,0.978094
11,-12.800587,3.333771,19.94415,1.8506829,0.5104499,0.9954221
12,-12.931182,3.2863796,19.421135,1.7339996,0.49305853,0.97551316
13,-13.042611,3.3424025,20.427982,1.6367445,0.5020204,0.98159754
14,-13.203801,3.1616304,18.377268,2.09918,0.4775901,0.9521552
15,-13.421084,3.0345273,18.027784,1.5103998,0.4640276,0.9089035
16,-13.514326,3.1132884,18.148884,1.4599162,0.46586314,0.8958436
17,-13.586555,2.9604201,16.44982,1.2774577,0.44946527,0.8679012
18,-13.645818,2.990476,17.640457,1.2498009,0.46790853,0.89354694
19,-13.872011,2.9429743,17.64457,1.1759592,0.45892203,0.8473554
20,-14.082762,2.8742528,17.393507,1.1758901,0.45312223,0.8527789
21,-13.994369,2.808897,15.550928,1.0547392,0.4656139,0.82067996
22,-14.084377,2.854531,16.97041,1.0787547,0.46546137,0.80492866
23,-14.178964,2.8221567,16.81245,1.0630939,0.47313643,0.79592115
24,-14.360823,2.8117726,16.316677,1.0357808,0.48560682,0.80373996
25,-14.496723,2.691625,16.387657,0.9264169,0.48942843,0.7838308
26,-14.416168,2.6519444,15.845724,0.84970635,0.49523157,0.7746827
27,-14.550235,2.603131,15.345991,0.88739973,0.5040012,0.77237093
28,-14.548912,2.6077049,14.889,0.8249141,0.5202213,0.7240167
29,-14.759403,2.5750918,14.901737,0.9351442,0.52792716,0.7281748
30,-14.804893,2.5122643,14.582317,0.882735,0.53732556,0.71113676
31,-14.812621,2.4362233,13.190642,0.84147173,0.5400242,0.7271982
32,-15.07053,2.48589,14.7690935,0.8377093,0.5576531,0.72167844
33,-15.006179,2.3663888,12.946879,0.78471154,0.5475598,0.700465
34,-15.08767,2.440921,13.673988,0.83068335,0.5645551,0.67180324
35,-15.165093,2.3315036,13.138939,0.6725043,0.55156684,0.69089663
36,-15.235486,2.3378801,13.147492,0.7541379,0.56208646,0.6602082
37,-15.26998,2.2140245,12.154921,0.6748272,0.5518435,0.6457501
38,-15.334542,2.3256576,12.673745,0.6295433,0.5702648,0.6356948
39,-15.315967,2.2765644,11.821147,0.6362582,0.580026,0.6331481
40,-15.398885,2.1905236,11.546564,0.6429333,0.57847047,0.62741315
41,-15.564724,2.2196038,12.218722,0.6414197,0.58173996,0.60707265
42,-15.498819,2.1725545,11.52887,0.6048583,0.5672431,0.63018274
43,-15.5216875,2.1876025,12.126894,0.5520775,0.586561,0.6065182
44,-15.526263,2.1117594,10.554328,0.57088953,0.575432,0.5980358
45,-15.607672,2.1397867,11.549904,1.6936798,0.56781214,0.58126605
46,-15.680822,2.1407852,10.787343,0.5426862,0.5811011,0.5754332
47,-15.756338,2.0662537,11.584347,0.91978276,0.573075,0.55557805
48,-15.81116,2.0870483,11.549713,0.55389184,0.58458143,0.54874915
49,-15.827851,2.0102973,9.785939,0.626748,0.5687343,0.55703187
50,-15.866889,2.0198178,10.060471,0.5152218,0.59571123,0.5257839
51,-15.837099,1.975067,9.192311,0.46902114,0.5795742,0.547547
52,-15.80578,2.0981507,10.619993,0.54066795,0.60726297,0.528889
53,-15.89378,1.9430346,9.849699,0.4261315,0.58191407,0.4956836
54,-16.003397,1.9957776,10.311424,0.45745975,0.5951552,0.5116878
55,-16.074768,1.9554293,8.904799,0.4971268,0.5943763,0.5275307
56,-16.032957,1.9408607,8.6527195,0.48182324,0.59908676,0.4966323
57,-16.113144,1.945943,10.3268385,0.4465217,0.6024066,0.48463064
58,-16.123306,1.8581558,8.578504,0.45430326,0.5888668,0.48357153
59,-16.101274,1.9046272,8.50944,0.48405766,0.58924365,0.4730577
60,-16.139053,1.8874542,9.174495,0.38108292,0.59813076,0.4628143
61,-16.191984,1.8472223,8.619632,0.46211645,0.5925392,0.4453803
62,-16.25996,1.8314244,8.340845,0.38379285,0.5889028,0.42571878
63,-16.202246,1.8763901,7.9257274,0.36737788,0.61948633,0.42436498
64,-16.24092,1.8905305,8.5897455,0.44244248,0.6158604,0.4142208
65,-16.309723,1.8583562,7.829437,0.36540034,0.6229688,0.4148839
66,-16.29367,1.8587041,8.542036,0.44421023,0.6057903,0.42022422
67,-16.318419,1.8318832,8.549607,0.4152542,0.61614436,0.3904003
68,-16.295544,1.8158039,7.1956363,0.40066725,0.60442597,0.38394737
69,-16.389313,1.7807609,7.506872,0.4904726,0.6155187,0.38595173
70,-16.416624,1.8023701,7.9126844,0.3614928,0.6178403,0.36990327
71,-16.42091,1.7979077,7.1784062,0.3556584,0.63924515,0.33124623
72,-16.395128,1.8088351,7.142556,0.3147018,0.6313066,0.3561355
73,-16.424164,1.7803411,7.8605046,0.33065805,0.60910815,0.3337641
74,-16.499199,1.7567989,6.9939737,0.25720754,0.63097364,0.33449662
75,-16.471087,1.8086497,7.289972,0.28207844,0.6385937,0.31362745
76,-16.453913,1.7254835,7.6002264,0.26981583,0.6018227,0.3261523
77,-16.587074,1.6703546,6.4170847,0.29778033,0.59689754,0.2983255
78,-16.51044,1.7481467,6.3860097,0.51459473,0.62526876,0.2885968
79,-16.545895,1.7287415,6.462296,0.4233386,0.6324839,0.28121704
80,-16.494942,1.7407473,7.018619,0.22103721,0.62490344,0.27279097
81,-16.59494,1.7802006,7.2252145,0.29944178,0.6560513,0.2632872
82,-16.58484,1.7264955,7.244033,0.31086496,0.6201366,0.25322565
83,-16.57682,1.749309,5.247609,0.28450716,0.6479574,0.24557954
84,-16.558382,1.7363027,6.9939523,0.205225,0.6338491,0.24381836
85,-16.642904,1.7219293,7.1012416,0.3282963,0.6325264,0.23477809
86,-16.689959,1.702526,6.197896,0.3009502,0.6289671,0.21337874
87,-16.682549,1.6986935,6.560622,0.1869632,0.62771356,0.20100372
88,-16.61214,1.6839863,5.4592896,0.18744166,0.6364374,0.18999119
89,-16.639246,1.6952298,6.582762,0.1658156,0.6221725,0.17545053
90,-16.671762,1.6744536,5.823044,0.22332864,0.6417952,0.16223201
91,-16.706352,1.7032613,6.371148,0.17364219,0.64457786,0.15815248
92,-16.715687,1.6996721,6.2523484,0.2808345,0.6475786,0.13485594
93,-16.708298,1.7025392,6.179546,0.14618896,0.6535087,0.12945764
94,-16.644281,1.7436261,8.039309,0.29375538,0.64541876,0.11307601
95,-16.726814,1.6661036,7.466044,0.29660523,0.64465266,0.104880475
96,-16.796116,1.6462983,4.5596027,0.38360095,0.6438867,0.097429946
97,-16.759453,1.6927817,4.875641,0.25241125,0.64860076,0.08913441
98,-16.771538,1.6822765,5.305893,0.19986813,0.6554661,0.074617535
99,-16.765543,1.7280928,5.9339705,0.21836191,0.6748272,0.06400327
100,-16.732824,1.6735302,5.1278505,0.10079066,0.64329755,0.057015132
101,-16.813766,1.6713065,5.648358,0.332894,0.6512614,0.05692534
102,-16.821781,1.679854,4.9993296,0.15811121,0.652655,0.045834906
103,-16.78362,1.6399696,4.526374,0.19695748,0.6467659,0.040131748
104,-16.794746,1.6764039,5.0757766,0.17556974,0.66042423,0.037478175
105,-16.817781,1.704335,5.0956492,0.1313064,0.67277277,0.03286194
106,-16.823946,1.6572685,4.7893567,0.20051269,0.6686058,0.026455348
107,-16.815388,1.6881379,4.800308,0.14043938,0.680255,0.025802609
108,-16.813234,1.7151049,4.0046926,0.25447744,0.6898858,0.023565805
109,-16.852009,1.604981,6.044654,0.1435496,0.6207471,0.023113925
110,-16.803234,1.7513494,6.3255596,0.034858197,0.69932336,0.017072378
111,-16.858942,1.6517671,4.4133444,0.1281129,0.66100466,0.017234629
112,-16.861118,1.6969625,4.923332,0.05977469,0.68215215,0.016746745
113,-16.784143,1.6603656,5.959606,0.03913115,0.6473042,0.012423479
114,-16.86284,1.680538,6.4314284,0.029715206,0.63393533,0.015474951
115,-16.91198,1.6405438,5.4671884,0.06732899,0.65353066,0.012962082
116,-16.880884,1.6390437,5.543775,0.02376447,0.65631765,0.01459124
117,-16.90929,1.72923,4.6342134,0.024785578,0.7042187,0.012377343
118,-16.947649,1.6602168,4.8982143,0.03483444,0.6726275,0.011437744
119,-16.874052,1.7028435,5.8080783,0.01833577,0.6835761,0.015448563
120,-16.913336,1.661959,4.5668864,0.04739606,0.6505423,0.0118301865
121,-16.869453,1.6833258,4.871266,0.08691777,0.6767029,0.0075216675
122,-16.907991,1.6840519,4.08947,0.030594496,0.6652681,0.00737532
123,-16.962309,1.6815257,5.743525,0.026279172,0.6692327,0.007931888
124,-16.996847,1.7033026,4.6642118,0.011034353,0.68722236,0.007822826
125,-16.941942,1.7010585,4.352526,0.014119211,0.6811344,0.006279708
126,-16.97839,1.6510545,3.9642062,0.020082846,0.6694635,0.007105877
127,-17.008032,1.644727,4.1183844,0.03084556,0.6687791,0.004772192
128,-16.95332,1.6607159,4.336473,0.025646435,0.67805815,0.0053881
129,-16.979294,1.6957226,4.311332,0.009820446,0.67714787,0.0070207217
130,-16.924387,1.7076502,4.3365054,0.02876756,0.685836,0.0074418127
131,-16.92561,1.7038068,5.7567735,0.061758813,0.6988534,0.0036267836
132,-16.99199,1.6131493,3.4825134,0.03393158,0.64621365,0.0045302534
133,-17.037981,1.672628,3.9713554,0.014086909,0.67875004,0.0054833414
134,-16.945793,1.6828222,3.3904483,0.01776758,0.68201715,0.0044366997
135,-16.998177,1.6747453,4.3911195,0.04188028,0.68000036,0.0034651477
136,-16.985273,1.6314808,3.8726199,0.03327893,0.665256,0.0040122936
137,-17.036842,1.6074272,4.388104,0.04012481,0.646194,0.004366635
138,-16.984743,1.6428528,4.0308013,0.011826987,0.66459996,0.0041465885
139,-17.02313,1.7051506,3.5709405,0.025843354,0.69309604,0.003629917
140,-16.994003,1.6931366,4.141026,0.02653138,0.7061947,0.004140349
141,-17.040071,1.7073344,4.528086,0.028251208,0.68865496,0.0027316946
142,-16.952454,1.6596653,3.1508114,0.011152935,0.68650216,0.0067981305
143,-17.051441,1.7264878,4.1457405,0.03180423,0.71270543,0.0034685803
144,-17.07527,1.705899,3.9496877,0.023987664,0.6969086,0.0031231914
145,-17.094477,1.7077391,4.6185,0.010987656,0.7052549,0.0053722817
146,-17.068172,1.6828175,3.7880473,0.04219259,0.6828248,0.004407682
147,-17.019066,1.7097216,4.8410406,0.008502782,0.7030673,0.0039781597
148,-17.021652,1.7050756,3.409416,0.021030428,0.6887773,0.0031536277
149,-17.05598,1.6523024,4.30739,0.051428847,0.6698971,0.0023810521
150,-17.071774,1.7168831,3.1274889,0.03955781,0.6994936,0.0030616713
151,-17.085054,1.692383,4.355216,0.029517874,0.6906624,0.003252196
152,-17.05572,1.7315811,4.9122653,0.023848794,0.7035686,0.002881726
153,-17.046312,1.7411005,3.5440714,0.034456555,0.7086272,0.0032008914
154,-17.076448,1.7052766,3.5814486,0.0138258105,0.69654715,0.0032369737
155,-17.10653,1.6719433,4.624139,0.012136446,0.6842663,0.003453145
156,-17.050648,1.748589,4.383459,0.02020057,0.7131659,0.0029022985
157,-17.039074,1.7633643,3.7623584,0.01912691,0.7253339,0.0026927146
158,-17.028694,1.7011553,2.6128876,0.020972755,0.6851381,0.0020193262
159,-17.05675,1.73913,3.4799309,0.0070812544,0.7206519,0.0023830198
160,-17.059212,1.7166729,3.8877797,0.0119904475,0.700042,0.003678515
161,-17.037657,1.6765509,3.9592633,0.018128907,0.6802702,0.0018611823
162,-17.128706,1.6406015,3.9300008,0.037018407,0.67185235,0.0020756156
163,-17.05622,1.666227,3.0351255,0.019025173,0.6899358,0.002066234
164,-17.001928,1.6856567,4.074939,0.01068732,0.6863962,0.0046112076
165,-17.098244,1.7256248,3.4762702,0.049475763,0.7011833,0.0021321888
166,-17.073803,1.6887635,3.1271324,0.009577065,0.6922704,0.0030553162
167,-17.148863,1.6988693,2.6009161,0.056786902,0.6963094,0.0018188925
168,-17.140417,1.7643636,2.3585126,0.008938001,0.7413499,0.003758244
169,-17.144825,1.7335105,4.1680794,0.00786049,0.71743876,0.0027012245
170,-17.125164,1.6733265,4.6053567,0.050554033,0.68948394,0.0023863881
171,-17.061598,1.7078407,3.9140735,0.0069536525,0.7097954,0.002679284
172,-17.036793,1.7469593,4.0302477,0.035227492,0.71058625,0.0033247734
173,-17.036879,1.674459,3.4976516,0.021571295,0.6890567,0.0025528404
174,-17.158962,1.710967,4.055036,0.026073324,0.7061022,0.0022935101
175,-17.146633,1.7241459,2.300195,0.03497909,0.7191939,0.0014991468
176,-17.168955,1.7180014,3.0400653,0.008554062,0.70290476,0.0024162603
177,-17.133383,1.72796,3.4182734,0.028054178,0.70510054,0.0022474276
178,-17.152973,1.6338929,3.912272,0.03190318,0.6699684,0.001554136
179,-17.119488,1.6856238,4.4290237,0.012713102,0.68868333,0.0017810472
180,-17.14683,1.6986451,4.487574,0.021348199,0.6900912,0.002379547
181,-17.031761,1.7863817,3.1236112,0.011407222,0.7393604,0.0028916872
182,-17.108126,1.7280669,2.854985,0.031045906,0.7182825,0.0012156542
183,-17.15215,1.6699228,3.336933,0.017499298,0.6900119,0.002212025
184,-17.239305,1.684651,3.6563284,0.014366952,0.69836,0.0027775534
185,-17.171375,1.6796494,3.5537994,0.038562097,0.6947719,0.001031333
186,-17.223684,1.7204825,3.4229648,0.0068107387,0.71075296,0.0036373215
187,-17.090721,1.662389,2.9109395,0.021417355,0.68469965,0.0020031093
188,-17.173002,1.7098868,3.6640286,0.03905149,0.697078,0.0011779586
189,-17.117523,1.7369844,3.254219,0.021378033,0.71019423,0.0020872268
190,-17.127764,1.7102177,2.459467,0.017632741,0.7131644,0.002503255
191,-17.23117,1.725279,3.518508,0.028380703,0.71310145,0.0015151959
192,-17.13995,1.7839537,3.6844332,0.015217642,0.7372753,0.0020321836
193,-17.108692,1.7488137,4.110126,0.030594934,0.71471095,0.0017231859
194,-17.21051,1.6912752,2.7927566,0.018163973,0.6971732,0.0019350105
195,-17.20907,1.7202388,2.1745527,0.01013783,0.71465117,0.0022163899
196,-17.212122,1.7003781,3.316239,0.021990014,0.7115993,0.001725213
197,-17.149508,1.7292585,2.6740284,0.022350473,0.7092666,0.0016974893
198,-17.140633,1.7400888,3.0944731,0.015650123,0.71634614,0.0030582699
199,-17.166025,1.7804353,3.198788,0.03617017,0.7400812,0.0009367433
200,-17.092169,1.7238871,3.7285328,0.020701878,0.71014166,0.0011986878
201,-17.16466,1.7080991,3.2442243,0.021816015,0.7082369,0.0011957187
202,-17.212894,1.7382057,3.0318494,0.009589979,0.70821273,0.0023123259
203,-17.176687,1.652994,2.1721568,0.008144353,0.68150264,0.0020036628
204,-17.11497,1.7478505,3.1754854,0.010648872,0.72375274,0.0014506265
205,-17.19036,1.7021664,3.7787924,0.028159464,0.7028448,0.0011841703
206,-17.154121,1.698715,3.458056,0.02334234,0.6983661,0.0011922219
207,-17.183384,1.6667763,3.3989303,0.014633489,0.6964856,0.0013813948
208,-17.204153,1.7435875,3.9208593,0.0060755936,0.7140215,0.0015952088
209,-17.185623,1.7309496,3.7673497,0.01896247,0.71688545,0.0014269334
210,-17.176605,1.693504,3.4117713,0.033092618,0.6898529,0.0018569938
211,-17.186352,1.76408,2.3861954,0.026345145,0.73070157,0.001032498
212,-17.149027,1.7371548,3.37543,0.01996517,0.7207953,0.0012374569
213,-17.120422,1.766192,3.796407,0.029337429,0.7307893,0.0007707198
214,-17.23234,1.7355673,2.3485541,0.024004657,0.7162024,0.00093676295
215,-17.217152,1.7535758,3.5193634,0.022865376,0.72779006,0.00085994374
216,-17.192411,1.7070887,3.4933407,0.014445123,0.6943231,0.0012142544
217,-17.200424,1.7224133,4.0247755,0.017945582,0.72021043,0.0014856503
218,-17.290722,1.7676251,2.572167,0.02133266,0.7369909,0.0022265795
219,-17.164684,1.7305433,3.400715,0.030742312,0.7071571,0.000844769
220,-17.249777,1.7093575,4.152985,0.007457341,0.70910466,0.0034796011
221,-17.24795,1.7622486,3.8115115,0.017773988,0.7269362,0.0016462939
222,-17.218716,1.6851879,2.4574828,0.0040811743,0.693342,0.0021953573
223,-17.208002,1.7345693,3.5074205,0.028518526,0.7026236,0.0016684502
224,-17.172707,1.6778674,3.040914,0.027528742,0.69027364,0.0012487945
225,-17.224844,1.7214072,3.5890932,0.012791913,0.6930441,0.0014839218
226,-17.194778,1.8020288,4.1319876,0.01811999,0.75580907,0.0011857852
227,-17.234352,1.7540113,3.6047847,0.016180301,0.7176487,0.0010213587
228,-17.225319,1.7042542,2.6463308,0.02231773,0.70498544,0.0007152761
229,-17.285797,1.7752285,3.8960094,0.0035120335,0.72840995,0.0017877357
230,-17.22116,1.6873672,4.023871,0.012598227,0.70030224,0.0018539676
231,-17.172487,1.7926635,2.0993793,0.01698853,0.7394837,0.0012110255
232,-17.246017,1.7337114,2.8123052,0.02557978,0.7203588,0.000794152
233,-17.23737,1.7115428,2.7458415,0.013056042,0.7024882,0.0045205913
234,-17.25325,1.7068664,3.9751585,0.026137717,0.6972358,0.001617729
235,-17.196709,1.7263459,2.3564239,0.022196835,0.7246003,0.001118339
236,-17.206524,1.7016807,2.9966645,0.019020282,0.70475954,0.0013111237
237,-17.163746,1.8053836,4.2579374,0.0035163367,0.7424538,0.0015918176
238,-17.203604,1.6849883,2.7633743,0.025433514,0.69325155,0.000988893
239,-17.228754,1.8015665,3.3880577,0.026965553,0.746231,0.00058159744
240,-17.253794,1.7777635,2.6574733,0.028519435,0.7338016,0.00081523426
241,-17.234442,1.7049316,2.7532456,0.012493204,0.68657887,0.0011513943
242,-17.174616,1.7463795,2.7528696,0.016026307,0.7226058,0.001009544
243,-17.26409,1.7381212,3.4878163,0.01051652,0.7201842,0.00132464
244,-17.239483,1.7601646,3.692221,0.012362115,0.7305391,0.0013646998
245,-17.201595,1.6985875,3.9255548,0.008810318,0.7130466,0.001255327
246,-17.229536,1.6922367,3.2645185,0.017827697,0.7017549,0.0006612328
247,-17.250578,1.7194641,3.3581877,0.0071437354,0.71528053,0.0009784664
248,-17.261667,1.7463812,2.2849271,0.0059088385,0.7351203,0.0025530085
249,-17.217379,1.7787523,4.3455734,0.03450228,0.73446405,0.00084802264
250,-17.291243,1.7227497,2.6277885,0.0198425,0.7219596,0.00084295415
251,-17.249516,1.7462418,2.3375988,0.016111437,0.72978836,0.0005211567
252,-17.25628,1.7308265,2.9938517,0.011506493,0.71617454,0.0011836737
253,-17.231754,1.7025985,3.1456854,0.007820812,0.714793,0.0009759957
254,-17.26848,1.7700495,2.0682404,0.011734681,0.7466936,0.0020467106
255,-17.316523,1.7496324,2.2857835,0.004880118,0.71975136,0.00095454446
256,-17.2356,1.7104119,4.3135166,0.0086363265,0.69314903,0.0008874274
257,-17.263618,1.7568852,3.4705517,0.0031251889,0.72354984,0.0013557913
258,-17.229641,1.7333137,2.5110595,0.0035993457,0.7070114,0.00059865904
259,-17.286022,1.7481377,3.151572,0.0048816507,0.7159134,0.0011604975
260,-17.217203,1.7611332,2.652378,0.0118644675,0.7333042,0.0006434771
261,-17.173157,1.7564516,3.532058,0.0022617134,0.7289355,0.0009661124
262,-17.274086,1.7638041,3.2123969,0.0077492013,0.72057664,0.00055605086
263,-17.250202,1.7071686,3.5054836,0.004649179,0.7060242,0.00068525015
264,-17.251959,1.7069013,4.0225153,0.033906974,0.7118164,0.0026922897
265,-17.308374,1.7315751,3.0723732,0.011732498,0.72134227,0.00097463035
266,-17.333918,1.6973556,2.8997076,0.019764047,0.69679683,0.0007848669
267,-17.277569,1.7384946,3.3086972,0.0045426986,0.7133028,0.0014470838
268,-17.264969,1.662056,3.3966517,0.013021289,0.6879031,0.0011245783
269,-17.33176,1.6699971,3.1742785,0.008327896,0.6823896,0.00091520685
270,-17.333052,1.7080128,1.905357,0.013687394,0.7139282,0.0018016037
271,-17.29988,1.7527009,3.9350655,0.023142625,0.7135903,0.0007596805
272,-17.303934,1.7523279,3.5407724,0.010723362,0.71817344,0.0014730534
273,-17.274399,1.723897,4.010178,0.0052548232,0.7045834,0.0010975542
274,-17.26318,1.765319,3.2540843,0.027142007,0.71855843,0.0008587144
275,-17.260693,1.6910536,3.025528,0.0083626835,0.7011711,0.00084505416
276,-17.280195,1.7733048,2.437236,0.01546361,0.7273966,0.001018695
277,-17.234137,1.7544924,3.4549763,0.015467982,0.72523254,0.0008534229
278,-17.298847,1.6959682,2.7777543,0.0022335937,0.69909525,0.0017579545
279,-17.263004,1.7007948,2.7869344,0.023074038,0.70139045,0.0007264592
280,-17.303637,1.7193545,2.9052553,0.0077214194,0.7041885,0.0009205253
281,-17.28197,1.7058328,2.7104294,0.0064575127,0.7108623,0.0010679177
282,-17.348667,1.7503853,3.718293,0.01365641,0.71936727,0.00060009205
283,-17.304567,1.736219,2.6760902,0.013322814,0.7245447,0.00075422256
284,-17.281872,1.7687147,3.0387783,0.003627983,0.7360597,0.00079533464
285,-17.310902,1.7883925,2.8709104,0.0023662848,0.7410729,0.0011251617
286,-17.37298,1.7276932,2.5490692,0.0016726204,0.7162766,0.0008598691
287,-17.330837,1.7013913,2.5157588,0.0092785,0.7120881,0.0005960759
288,-17.3565,1.7090814,4.1156654,0.00919101,0.7087725,0.0011943158
289,-17.279722,1.6970887,3.410046,0.005871306,0.6996987,0.0005839732
290,-17.262531,1.7014086,2.2594175,0.008811186,0.69615084,0.00046204525
291,-17.3154,1.719806,3.1497953,0.006649618,0.7011057,0.0009808295
292,-17.31641,1.7076857,2.2676537,0.009865307,0.71550685,0.0015765617
293,-17.331501,1.6596566,3.8513024,0.0029450974,0.6968782,0.0014774601
294,-17.328323,1.7214049,2.5534205,0.0036438468,0.7118264,0.00064744725
295,-17.29765,1.7442162,4.176684,0.0028495574,0.7324921,0.0010997627
296,-17.336323,1.7359695,3.4868762,0.0077056647,0.7124711,0.0011419262
297,-17.302544,1.7381777,3.2402236,0.0027703769,0.72372335,0.0010759461
298,-17.376179,1.7068906,3.5355198,0.006603245,0.7112498,0.0012266034
299,-17.330473,1.7429063,5.072089,0.006634459,0.7031261,0.0009757045
300,-17.34262,1.7136596,3.390928,0.015073149,0.7044605,0.00065390964
301,-17.327171,1.7504389,3.3078473,0.012152404,0.73040164,0.0012135546
302,-17.3565,1.8018991,2.02916,0.014354887,0.7506319,0.001128839
303,-17.32055,1.7136286,3.3696625,0.01654553,0.7022608,0.00050699123
304,-17.335495,1.7354496,2.5878918,0.008607786,0.72260827,0.0008329357
305,-17.334023,1.6927098,3.026265,0.011580177,0.7035857,0.00061629683
306,-17.32614,1.746126,3.6633873,0.0035405348,0.7101059,0.00061169657
307,-17.370817,1.7454896,3.5266488,0.007023231,0.7174847,0.0009826558
308,-17.284672,1.6705048,3.803757,0.00562878,0.6889624,0.000653917
309,-17.308788,1.7200263,3.3449225,0.0060961517,0.7009152,0.0014344082
310,-17.32947,1.6290054,2.8323557,0.00489984,0.68327665,0.0007058596
311,-17.32202,1.7510461,2.1960297,0.0059784446,0.733612,0.0010793691
312,-17.391571,1.7049959,3.3103054,0.0031653014,0.7184461,0.00083489576
313,-17.354742,1.6732032,2.4997926,0.0042761466,0.6932927,0.0007140665
314,-17.37855,1.7317742,2.4015582,0.005650409,0.72415894,0.0008013525
315,-17.394066,1.7319384,3.2087774,0.0075967,0.71396935,0.0010124679
316,-17.25148,1.7095331,4.014059,0.0054751765,0.7119419,0.0008103285
317,-17.356237,1.672144,3.1885002,0.008035707,0.6856906,0.0020026327
318,-17.334196,1.7469988,2.7150898,0.018719288,0.7254849,0.0007234697
319,-17.392412,1.7088516,2.7151828,0.007956253,0.7140264,0.0030841443
320,-17.340254,1.7510729,3.300372,0.032639176,0.72668946,0.00084817776
321,-17.31748,1.747153,3.8289886,0.021081671,0.7183804,0.000693363
322,-17.366833,1.6609554,2.7066176,0.014952029,0.69105256,0.000545803
323,-17.297146,1.6963733,3.4346342,0.013409829,0.7181038,0.000535951
324,-17.36031,1.7010113,2.310252,0.007064441,0.70502377,0.00086043566
325,-17.377634,1.7038473,2.5699403,0.008547051,0.7159394,0.0003738644
326,-17.411299,1.7070388,2.7838302,0.005872654,0.7017084,0.0010041952
327,-17.345211,1.7038058,3.6064844,0.0031465122,0.7065083,0.0007460335
328,-17.377758,1.6946061,3.673902,0.017494634,0.6986086,0.0016503853
329,-17.311218,1.6788433,2.685678,0.017494738,0.6955492,0.00138535
330,-17.355028,1.7238,2.7007577,0.010271203,0.7031442,0.00074382755
331,-17.338207,1.7117797,3.060288,0.0061009917,0.70866865,0.0006113865
332,-17.361877,1.7260813,2.9584355,0.0068454104,0.7206772,0.00086279324
333,-17.336477,1.6778691,2.231967,0.002752644,0.69692016,0.0012323599
334,-17.342155,1.7319887,3.0243847,0.014884992,0.72751975,0.0005839076
335,-17.45432,1.6347113,1.8689826,0.0093865385,0.68577445,0.0005654652
336,-17.393057,1.6780005,2.2672071,0.015369134,0.69606507,0.0005974543
337,-17.415571,1.7506377,3.2272513,0.0052822186,0.7327045,0.0011810847
338,-17.362562,1.6979842,3.665036,0.026090207,0.70325893,0.00072361826
339,-17.336899,1.7219651,3.4258711,0.021242175,0.71641076,0.00045631322
340,-17.318165,1.7116904,3.8242154,0.010705395,0.7083316,0.0005082893
341,-17.360231,1.760947,2.0410678,0.010067418,0.729916,0.001041171
342,-17.339476,1.6808825,3.306702,0.01048967,0.7013698,0.001008896
343,-17.391586,1.6621114,2.976859,0.013013519,0.6915905,0.000945184
344,-17.37922,1.7425904,2.5577672,0.014138513,0.716577,0.0008668666
345,-17.338976,1.6869229,2.9512095,0.014851048,0.69066143,0.0014330624
346,-17.339571,1.701193,3.6791523,0.010212985,0.7002577,0.00071444595
347,-17.399593,1.6560972,2.691526,0.0039691953,0.68611586,0.00089963013
348,-17.338911,1.8055447,3.270362,0.01192168,0.74779993,0.0007767608
349,-17.38794,1.6885954,2.80323,0.0109422,0.69943833,0.0005643627
350,-17.317066,1.6878828,3.197907,0.0028376759,0.70183617,0.0010969887
0,-17.317066,1.6878828,3.197907,0.0028376759,0.70183617,0.0010969887
1,-17.407602,1.6538846,3.6624563,0.0047378135,0.6828673,0.00065422076
2,-17.39958,1.7459179,2.753828,0.007578997,0.7366399,0.0004946901
3,-17.39666,1.6767604,2.697168,0.008503556,0.6764489,0.0005158961
4,-17.32653,1.6911258,2.604664,0.0025259913,0.6988803,0.0007394126
5,-17.446684,1.7583735,3.941926,0.0039322483,0.72830707,0.000837091
6,-17.385698,1.699953,3.077292,0.01031139,0.69919217,0.0008186621
7,-17.362421,1.6399782,3.524293,0.0024170522,0.6741106,0.0008763145
8,-17.407558,1.6597984,3.0249598,0.0036335355,0.68843776,0.0020906995
9,-17.389185,1.7206744,2.9172316,0.006753087,0.7148808,0.0011430681
10,-17.350847,1.6255187,3.5212455,0.022266814,0.67528737,0.0005906013
11,-17.370148,1.6664191,2.957126,0.011466774,0.69033986,0.00067927624
12,-17.378006,1.7010636,2.265336,0.007856493,0.7180103,0.0011690803
13,-17.314934,1.7329446,4.5003376,0.0044155675,0.70975727,0.0018062192
14,-17.375238,1.6528661,2.8412986,0.015980024,0.68219805,0.0006847648
15,-17.355995,1.6925607,3.3776248,0.01185952,0.69373125,0.00082483893
16,-17.384848,1.714453,3.265254,0.014624868,0.7003731,0.0004762514
17,-17.365812,1.6414106,3.2782676,0.016425932,0.6749639,0.0006170349
18,-17.464346,1.6844774,2.3041456,0.014657173,0.70022297,0.0020963673
19,-17.394043,1.6290714,2.6013925,0.01383499,0.6778491,0.0007087084
20,-17.375196,1.717533,4.2566357,0.009877457,0.7075152,0.000602361
21,-17.411245,1.7040079,3.7704875,0.012194885,0.6956624,0.0004218259
22,-17.36203,1.7368932,3.1552339,0.014336774,0.71609765,0.00034442343
23,-17.435253,1.6029049,3.046925,0.004977899,0.66662407,0.0005888876
24,-17.478493,1.7675369,2.5885224,0.004798674,0.7332406,0.0013029475
25,-17.438747,1.654597,2.195439,0.0077308468,0.6919861,0.0013568464
26,-17.407572,1.6440376,2.7583933,0.0106102945,0.67629033,0.00054326066
27,-17.410332,1.6969517,3.347821,0.013203386,0.7082316,0.00038832272
28,-17.400578,1.7183794,2.5218375,0.004674993,0.7138547,0.00072772393
29,-17.46647,1.6443202,1.4166656,0.0059536877,0.6892333,0.00051243335
30,-17.373804,1.5942775,3.1377437,0.007094205,0.65960777,0.0006251835
31,-17.367477,1.6172961,2.865159,0.0071863956,0.6688885,0.00037107716
32,-17.40706,1.6761266,3.0393775,0.007238113,0.68872195,0.0013859486
33,-17.430798,1.6776924,1.845567,0.010351704,0.6989727,0.00067889225
34,-17.39085,1.6283299,2.6239626,0.004952021,0.6807943,0.0006481893
35,-17.412996,1.6614883,3.3711777,0.0076477053,0.6892875,0.00058994535
36,-17.343273,1.7509266,4.04263,0.0060022785,0.710808,0.00055060023
37,-17.43448,1.6726376,2.621658,0.006514399,0.690871,0.00044685946
38,-17.446432,1.6181271,2.6713662,0.0055008647,0.6561064,0.0005183513
39,-17.37087,1.6826625,3.319057,0.010117752,0.693258,0.0009528045
40,-17.393133,1.647021,2.4695435,0.0067128344,0.6787293,0.00081773265
41,-17.383728,1.6897904,3.692831,0.0035432854,0.6960515,0.0007855046
42,-17.420336,1.7237273,3.1122143,0.0032691015,0.7149955,0.00051562244
43,-17.43093,1.6498696,2.6597686,0.0059692506,0.68892056,0.00036251775
44,-17.440674,1.6572772,3.1348033,0.0043857987,0.67865014,0.0004188748
45,-17.452135,1.709869,3.2699528,0.0018343746,0.71171564,0.00027036836
46,-17.400887,1.6534986,3.2322001,0.007651308,0.7032806,0.0005842737
47,-17.477285,1.6961685,2.796187,0.008773454,0.7076295,0.00076370564
48,-17.434212,1.714524,2.5738668,0.0027153317,0.7097252,0.0011487886
49,-17.41692,1.6419448,3.0143516,0.0053996313,0.67945474,0.00039966515
50,-17.404308,1.6699326,2.9815145,0.0044524567,0.6925553,0.00039033365
51,-17.42191,1.6889609,3.1880229,0.002697414,0.69900995,0.00035470398
52,-17.433926,1.6890672,3.5837946,0.005838058,0.6910622,0.00059846236
53,-17.4355,1.696522,3.4184513,0.0041786246,0.70897853,0.00028107388
54,-17.435188,1.7288789,2.06919,0.011043375,0.72230345,0.000970877
55,-17.418495,1.5768856,2.4668705,0.011180863,0.64679885,0.0008823931
56,-17.4423,1.6863142,2.9596891,0.006704718,0.68519,0.00042572207
57,-17.414953,1.6147869,3.104547,0.0018297554,0.6789825,0.0006160565
58,-17.41034,1.6302758,1.8027132,0.0075223,0.6786607,0.0012299872
59,-17.392885,1.6190872,2.4891555,0.011081892,0.6774951,0.0006424647
60,-17.452446,1.6801801,2.6857324,0.0076979045,0.6915237,0.0004941028
61,-17.425425,1.7222047,2.3161469,0.0048384382,0.73054624,0.00074470136
62,-17.39278,1.7309232,3.573209,0.01234472,0.7196209,0.0005435728
63,-17.476526,1.636032,2.3790033,0.0016386835,0.67979705,0.0010758257
64,-17.481876,1.6457208,1.8640453,0.011474969,0.68571556,0.0004626161
65,-17.44159,1.5855554,3.2588978,0.0074742553,0.64340454,0.00063748186
66,-17.462969,1.5902596,2.940785,0.0150902085,0.6676634,0.00045455518
67,-17.387232,1.6542916,2.381576,0.014579611,0.6875926,0.00023433074
68,-17.433022,1.7119119,2.2049587,0.0027669542,0.7076415,0.00038936647
69,-17.455864,1.662057,2.3096728,0.0021326444,0.6982293,0.00030720336
70,-17.425713,1.7044376,2.1180532,0.006581571,0.70493996,0.0005038439
71,-17.426426,1.6964108,2.6761787,0.002474331,0.70751387,0.0006967302
72,-17.45872,1.6718601,2.5806906,0.0029326489,0.69135845,0.0006477136
73,-17.44533,1.735827,3.6403182,0.010151301,0.7054832,0.0018309974
74,-17.40468,1.6369536,2.5943332,0.005657085,0.6824616,0.00039049858
75,-17.420033,1.5896983,2.4108841,0.005123477,0.6621925,0.00032680426
76,-17.473007,1.700677,1.9403063,0.0030288103,0.70137703,0.0009260455
77,-17.426762,1.6067449,3.6023126,0.00912313,0.65589726,0.0012905386
78,-17.450844,1.6341777,3.5793517,0.0036236239,0.6766771,0.0004787509
79,-17.373259,1.6793857,3.7899117,0.005818877,0.6886136,0.0004990002
80,-17.426405,1.6960034,3.222555,0.004873956,0.70850486,0.0008688631
81,-17.463158,1.7104137,3.4505677,0.0029439323,0.71215296,0.00039687354
82,-17.432842,1.6492586,3.7846208,0.002616609,0.6803337,0.00038414556
83,-17.402414,1.7876507,3.8588278,0.002338294,0.7283235,0.0004642679
84,-17.3623,1.6014124,3.1919677,0.003795613,0.65719104,0.00067847886
85,-17.431108,1.7176176,2.6762555,0.0056879246,0.7016882,0.0003743479
86,-17.442783,1.7067968,2.4968436,0.006316721,0.69732165,0.000260129
87,-17.453152,1.6354401,3.6423364,0.017341902,0.6829109,0.0020668437
88,-17.478748,1.6423858,3.741401,0.006323377,0.68939406,0.0006651326
89,-17.473875,1.7052426,2.256605,0.005483372,0.69786745,0.0008514273
90,-17.412363,1.6393824,2.825249,0.004063559,0.68248624,0.0005028594
91,-17.468756,1.594722,2.3138263,0.0025384019,0.6585147,0.0004719727
92,-17.470028,1.6063635,2.283554,0.0050705546,0.65896744,0.0011362517
93,-17.445286,1.6642511,2.4988678,0.005834947,0.6907067,0.00039708256
94,-17.549376,1.6580424,1.7280427,0.002617001,0.69132763,0.00040357193
95,-17.44752,1.6310563,2.086954,0.011037719,0.6769337,0.0009664073
96,-17.499285,1.6605303,1.6906127,0.039077528,0.69039375,0.0091841025
97,-17.497984,1.5821899,2.444725,0.039562926,0.64995354,0.001571011
98,-17.510485,1.6936953,2.177818,0.026231728,0.70419043,0.000990643
99,-17.50212,1.6414872,3.0854762,0.02677935,0.66986006,0.00081394054
100,-17.40937,1.7033671,3.6037364,0.009038716,0.71255404,0.00086708274
101,-17.49264,1.662378,2.032234,0.0127366735,0.6841532,0.0011984017
102,-17.497507,1.6523346,2.3532052,0.01547702,0.69087183,0.00088579947
103,-17.457535,1.6220216,2.6266332,0.020260867,0.673621,0.0002899792
104,-17.444977,1.6327167,2.688032,0.009396052,0.67739254,0.0005213172
105,-17.48043,1.6520506,2.2170532,0.0043517095,0.68869585,0.0008815165
106,-17.494984,1.6489279,2.2287614,0.019145595,0.688111,0.00036687794
107,-17.467672,1.6379294,2.3434398,0.0051964354,0.6823664,0.0006848562
108,-17.476467,1.5971308,3.2422462,0.015287135,0.6529371,0.00057736464
109,-17.47911,1.7025355,3.1775525,0.0033624826,0.70883083,0.0009728097
110,-17.517435,1.6626251,2.123032,0.007838792,0.68852377,0.0006472067
111,-17.508171,1.6861587,1.938219,0.0049006217,0.7035679,0.00044912772
112,-17.448086,1.7580187,3.6292245,0.0021633252,0.7305032,0.0008609657
113,-17.461288,1.6083891,3.266869,0.0017667876,0.65778285,0.0010256259
114,-17.515017,1.6508466,1.8767545,0.0036125053,0.69500905,0.00096587656
115,-17.494734,1.6605587,3.4217625,0.0044359523,0.68466616,0.00062245526
116,-17.453245,1.6207525,2.960697,0.007812543,0.6630226,0.00039127815
117,-17.49605,1.6886492,2.5364459,0.0062390207,0.69236785,0.00092118944
118,-17.43817,1.661715,2.597843,0.0026836805,0.69067305,0.0003467957
119,-17.469925,1.6459551,2.7063274,0.0023652443,0.67761487,0.0004194893
120,-17.44325,1.674772,2.839406,0.0019832621,0.6897531,0.00042832195
121,-17.456873,1.6472003,3.0551636,0.0027590937,0.6762298,0.00043887773
122,-17.553095,1.6074605,1.5216285,0.0025865484,0.6692874,0.00038094807
123,-17.477922,1.5840026,2.6391666,0.0027832997,0.65672207,0.00049599604
124,-17.486794,1.64789,2.2370267,0.0026850998,0.6801368,0.0007532958
125,-17.46166,1.5927273,2.3685572,0.0032917436,0.66783166,0.0006644984
126,-17.483892,1.6561832,2.8800945,0.0024294672,0.69012755,0.0006577954
127,-17.503098,1.6319536,2.8514378,0.0022944664,0.6732968,0.00049443793
128,-17.475988,1.5564183,4.110917,0.0016297583,0.6377789,0.0003143978
129,-17.474525,1.658622,2.8713486,0.0104632685,0.68950933,0.0013291399
130,-17.524803,1.5975021,2.7038097,0.0042201807,0.6649214,0.00038789876
131,-17.523146,1.589874,2.666455,0.0029373032,0.6595072,0.00034548392
132,-17.494656,1.5855151,3.2267988,0.0064922157,0.655112,0.00063006114
133,-17.513817,1.5803773,2.0672607,0.003491927,0.6518754,0.0005328826
134,-17.584236,1.6640418,1.96497,0.005298491,0.69023865,0.00042408792
135,-17.490093,1.6531247,3.3754473,0.0022067863,0.68330896,0.0010270537
136,-17.518902,1.6005191,2.5600798,0.0074807703,0.6524859,0.0011654835
137,-17.505777,1.6574533,2.5355997,0.004802997,0.69165,0.0005734126
138,-17.46034,1.6603408,2.8148038,0.003768398,0.6866031,0.0007695791
139,-17.432026,1.6296576,2.705471,0.0052081705,0.6864566,0.00095370586
140,-17.461866,1.6213582,3.4151547,0.0037031833,0.6797022,0.001191632
141,-17.43773,1.66097,3.7374902,0.0030559332,0.68675655,0.00054675894
142,-17.474781,1.6475118,3.2387512,0.005988572,0.69933003,0.00028107857
143,-17.539448,1.604382,2.1334674,0.0066486914,0.6617197,0.00041281417
144,-17.546047,1.6433302,2.0766823,0.0035434077,0.6800142,0.00045164285
145,-17.538088,1.6462313,1.5691723,0.009839376,0.6860577,0.00027757234
146,-17.515007,1.6349806,1.475595,0.0030564915,0.6779778,0.00030163943
147,-17.426426,1.7051868,2.764492,0.0060932124,0.70102245,0.0006664191
148,-17.562412,1.56408,1.6722665,0.002327905,0.62903136,0.00033820324
149,-17.501238,1.7035258,2.9605992,0.019375062,0.6897419,0.0015440781
150,-17.480364,1.5944914,2.455087,0.004629645,0.6651426,0.00032088344
151,-17.48594,1.6031594,2.1750073,0.0032196254,0.67374724,0.0006818148
152,-17.45139,1.6223615,2.7792535,0.0025601413,0.66781574,0.00038475316
153,-17.515442,1.6869582,3.0322175,0.005051593,0.6927533,0.0005173829
154,-17.524649,1.5311124,2.1898794,0.0057112756,0.6456889,0.00039178337
155,-17.472172,1.5588039,2.8373349,0.0065760533,0.6537348,0.00031123232
156,-17.579166,1.5999252,2.0612879,0.011930922,0.67299116,0.0011400861
157,-17.531645,1.5298976,1.7830324,0.004242001,0.62786597,0.0007537541
158,-17.488281,1.5856581,2.309326,0.0064770537,0.6633968,0.00038723182
159,-17.489805,1.6241996,2.3019567,0.0115356725,0.6858403,0.00032425835
160,-17.537199,1.5651627,1.6508456,0.0036710324,0.65259284,0.00055257103
161,-17.48667,1.6354164,2.784016,0.0064745583,0.67717177,0.00034392247
162,-17.520456,1.7007265,2.4951732,0.0033113514,0.7105588,0.0003396991
163,-17.510332,1.6060307,2.5991335,0.002902112,0.65815836,0.0005855906
164,-17.559288,1.6079766,1.5629628,0.0050905184,0.6708365,0.00074475666
165,-17.459011,1.6576457,3.0677485,0.0116761625,0.6853014,0.0018042506
166,-17.492643,1.6180527,3.4604747,0.015017997,0.67745966,0.0006837373
167,-17.50559,1.6261437,4.3230534,0.007760312,0.6595845,0.0003521036
168,-17.485977,1.625417,2.4431114,0.006833576,0.675075,0.000260356
169,-17.464737,1.6434546,2.2099051,0.0064173904,0.680109,0.00042330066
170,-17.547668,1.5959911,2.323404,0.0026929453,0.66036934,0.0005005491
171,-17.440893,1.6201338,3.2664564,0.005648699,0.67030966,0.00041491986
172,-17.461693,1.5487761,4.0060406,0.013311602,0.6459627,0.00035408715
173,-17.471996,1.5899471,3.6428025,0.0023404653,0.66689914,0.0008415857
174,-17.503477,1.6169928,2.5558214,0.0021718023,0.6843,0.00025070514
175,-17.496408,1.6261207,2.2237864,0.002551916,0.6787109,0.00036857295
176,-17.500015,1.7199463,3.2891366,0.0033149566,0.6977425,0.00030344698
177,-17.494509,1.7012805,3.366046,0.0014532288,0.6950503,0.0002586427
178,-17.553349,1.5791236,2.5109074,0.0065810587,0.6592128,0.0009149241
179,-17.520601,1.6200869,2.2961607,0.0050754,0.6740441,0.00034473423
180,-17.50921,1.6031996,2.9711673,0.005243735,0.67127204,0.0007512561
181,-17.452028,1.6389269,3.359876,0.0033934987,0.673469,0.00087502797
182,-17.50939,1.5951842,2.4248228,0.007600262,0.66511965,0.00051854586
183,-17.516193,1.6459671,2.9578528,0.003920625,0.6841349,0.0008342106
184,-17.475649,1.5983019,2.6538146,0.008294315,0.67105335,0.00043415575
185,-17.508802,1.6156815,2.3675776,0.0046584792,0.6729582,0.0008067796
186,-17.553,1.6824629,2.7449281,0.0019052381,0.6966802,0.00037885061
187,-17.543867,1.6249247,2.1890059,0.004629904,0.6727625,0.00024703084
188,-17.459719,1.5986178,2.897379,0.006741118,0.65667915,0.00030463596
189,-17.51198,1.6264309,2.555098,0.003100679,0.68777746,0.00024622516
190,-17.485847,1.6002463,3.3983562,0.002728065,0.6749711,0.00024374768
191,-17.484446,1.6741602,2.831652,0.0019792959,0.6945161,0.00028943247
192,-17.582497,1.5557705,1.8838668,0.0038326778,0.6529893,0.00015650013
193,-17.493734,1.6087618,3.5635462,0.00266862,0.6664912,0.00023061574
194,-17.525019,1.6197549,2.7173967,0.0015879894,0.6716145,0.00033709983
195,-17.540697,1.5919623,2.1155357,0.002453413,0.6647072,0.0001242271
196,-17.508387,1.5162191,2.162064,0.009477172,0.6363171,0.0013085011
197,-17.480625,1.6304855,3.8049228,0.0055254,0.68125725,0.00048756538
198,-17.537449,1.6363318,1.9868474,0.0041573728,0.6814664,0.00039775693
199,-17.56379,1.6772571,2.0879672,0.007850146,0.6923606,0.00050936476
200,-17.490555,1.6210748,2.949929,0.005937986,0.66519964,0.00034511942
201,-17.517084,1.5634996,3.0413122,0.005009168,0.648615,0.00014939476
202,-17.473867,1.7004627,4.2920575,0.0023066367,0.69275093,0.0002113646
203,-17.544668,1.565395,2.3041291,0.005956745,0.6491434,0.00046370664
204,-17.55288,1.6422898,1.6149492,0.002529344,0.6856834,0.00022047221
205,-17.481968,1.6096573,3.3098848,0.013828292,0.6659931,0.0007573048
206,-17.53627,1.5864949,2.447189,0.009771884,0.6583871,0.0003251719
207,-17.549171,1.6837332,1.9029675,0.009115821,0.72008103,0.00028848517
208,-17.54578,1.5680982,2.6971292,0.002284113,0.65630966,0.0002763274
209,-17.477491,1.5862079,2.127271,0.0033870311,0.6619208,0.00041998783
210,-17.513716,1.6976438,2.9811058,0.0032226136,0.69025517,0.00068404723
211,-17.52661,1.6136808,2.8515964,0.003854136,0.68271965,0.00043559092
212,-17.510036,1.6220778,2.5897,0.004721573,0.68341243,0.00034420748
213,-17.444414,1.6498364,3.3335063,0.002372978,0.67838955,0.0007795854
214,-17.537373,1.6301322,2.0852299,0.0091766715,0.66992646,0.0003441623
215,-17.599047,1.6681015,2.7529204,0.0020355473,0.68805707,0.00037013725
216,-17.4909,1.6770265,2.5664673,0.006322253,0.6846386,0.0002348421
217,-17.513157,1.605901,2.4492621,0.010678282,0.656588,0.0007676208
218,-17.458683,1.5584741,2.4890788,0.0064786756,0.65250057,0.0002668845
219,-17.5227,1.5559989,3.2852335,0.010265406,0.6530943,0.0010469449
220,-17.527039,1.6109858,3.0820117,0.0095681995,0.65573394,0.0003898246
221,-17.474825,1.6371678,4.049048,0.0022039474,0.6699375,0.0001710626
222,-17.457844,1.7133937,3.3434,0.00072783785,0.7040126,0.00034451348
223,-17.523773,1.6895354,2.293974,0.002170295,0.684594,0.00042160763
224,-17.487305,1.6474717,3.7793314,0.005008993,0.6679959,0.00021559573
225,-17.495771,1.6358101,3.8334503,0.0016366581,0.64703554,0.00022180508
226,-17.537647,1.626518,3.9278421,0.004734691,0.6718798,0.0004892986
227,-17.469416,1.5910237,3.493464,0.002710583,0.6487632,0.0003463946
228,-17.484007,1.6185449,3.1869113,0.0015827471,0.66904354,0.00021000045
229,-17.473473,1.6208085,2.9513586,0.0031163488,0.6686124,0.00048814138
230,-17.49866,1.5988915,2.5445502,0.009339906,0.6622485,0.0007102398
231,-17.46746,1.6512666,2.3939116,0.002324081,0.6869459,0.00022471498
232,-17.537851,1.6476538,2.5463984,0.004028614,0.6830104,0.0002837356
233,-17.54434,1.5449055,2.9920743,0.0046349494,0.6368742,0.00013402368
234,-17.532513,1.6373553,3.8144019,0.0040704715,0.6648233,0.00014459579
235,-17.56076,1.6058803,2.476132,0.003846406,0.6811266,0.00028518375
236,-17.505173,1.5575494,2.300774,0.010964078,0.641686,0.0010112538
237,-17.551235,1.5440059,2.0877676,0.0023948813,0.642865,0.00047741662
238,-17.4812,1.6590551,2.370661,0.0037233848,0.6920192,0.00046230413
239,-17.49998,1.614599,3.7403452,0.0023796307,0.6645619,0.00049803697
240,-17.483376,1.53818,2.6606317,0.0019911737,0.6497649,0.00018797949
241,-17.515953,1.5551102,2.4231415,0.004970681,0.6413536,0.0010368103
242,-17.531511,1.6220164,2.347544,0.0062530763,0.6617954,0.000555125
243,-17.431433,1.6085756,3.3053834,0.004597758,0.64666116,0.0002477299
244,-17.507383,1.6184791,2.9090037,0.0015389959,0.68165123,0.00043164298
245,-17.58796,1.6446857,2.2332983,0.0019624028,0.6905484,0.00029155755
246,-17.533485,1.5776296,2.8497496,0.0026433242,0.6589964,0.00038150745
247,-17.578594,1.5746351,2.4245963,0.0035071473,0.6579481,0.00034021298
248,-17.554651,1.590011,2.2971563,0.0017217555,0.6692112,0.00018892637
249,-17.556746,1.5860778,1.9040685,0.0017949693,0.6620042,0.00016896476
250,-17.581562,1.6189473,1.6281136,0.0056808405,0.6803485,0.0004334275
251,-17.506754,1.575442,2.576451,0.0020898955,0.6604129,0.00020721491
252,-17.573383,1.5559113,2.5126402,0.008324233,0.6573484,0.00064827583
253,-17.546282,1.5617428,2.3045626,0.005149066,0.6534793,0.00014969906
254,-17.520529,1.6793048,2.0206409,0.01568431,0.699109,0.0009978459
255,-17.465996,1.6226672,4.3519845,0.0065363906,0.6661102,0.00034529244
256,-17.491987,1.6509691,3.6791852,0.0070991563,0.6609519,0.0004282894
257,-17.577604,1.5935562,3.0991642,0.0016761323,0.6566629,0.00069612474
258,-17.542946,1.6261796,3.3176975,0.0047719656,0.6620184,0.0008497827
259,-17.558758,1.5931829,3.5156548,0.0065913033,0.6413447,0.00041988704
260,-17.612724,1.6067964,3.1525524,0.0033369928,0.66968054,0.00020609211
261,-17.492355,1.6012683,4.0037766,0.0027491266,0.6552955,0.00031715573
262,-17.572035,1.6505792,3.265433,0.0021969627,0.6714642,0.00032459543
263,-17.555426,1.6128714,3.8469608,0.002515414,0.6593062,0.00045118795
264,-17.570185,1.6053426,3.072164,0.0045124795,0.6578377,0.00061429595
265,-17.559984,1.6777478,3.167269,0.0022900298,0.692472,0.0003947151
266,-17.500519,1.664668,3.9573014,0.002782832,0.67452526,0.00027431603
267,-17.566063,1.5924228,3.4317448,0.005252435,0.65437347,0.0010162338
268,-17.527132,1.6943438,3.0507238,0.005683848,0.69888836,0.0006046404
269,-17.538626,1.5856004,3.3459892,0.0037688143,0.6530173,0.0002115947
270,-17.521845,1.5810639,3.3559,0.0029526807,0.64225954,0.0006690564
271,-17.56329,1.5796604,3.609106,0.0037380587,0.64820504,0.00039487396
272,-17.574099,1.598684,3.5588903,0.013333668,0.6485515,0.0005056179
273,-17.532362,1.7015513,2.6980977,0.0013884009,0.69532615,0.00026081706
274,-17.53803,1.519643,2.6839635,0.0021069015,0.62520474,0.00019454333
275,-17.571976,1.5749842,2.6287339,0.019365666,0.64569324,0.0018521764
276,-17.608824,1.5649956,2.2981873,0.022048509,0.64492345,0.0018989696
277,-17.493275,1.5979698,2.337079,0.026219498,0.6699212,0.000492188
278,-17.568579,1.6355023,3.2045112,0.017334778,0.6764756,0.0004899814
279,-17.619652,1.616543,2.540689,0.0064798123,0.67296517,0.0005026732
280,-17.534512,1.5862558,3.2484777,0.0070499806,0.64980084,0.0005455319
281,-17.530235,1.6052648,2.9872355,0.0015760086,0.66796124,0.001072133
282,-17.533167,1.6257106,2.5039613,0.0068812612,0.6841711,0.00027596732
283,-17.615782,1.5423878,2.3389194,0.0047695003,0.6364059,0.00019916598
284,-17.584343,1.6046265,2.0845149,0.0036210734,0.6600803,0.00057402876
285,-17.601984,1.5824362,2.2220235,0.0042669335,0.6569829,0.00017923985
286,-17.613832,1.5935329,2.3860605,0.00572864,0.6555672,0.00029657138
287,-17.581959,1.6073072,2.3860335,0.0043138596,0.67036515,0.00041156466
288,-17.529715,1.6376935,2.8888001,0.0018355097,0.688637,0.0002390602
289,-17.548178,1.6077744,3.6139584,0.0040017827,0.67231435,0.00025059632
290,-17.502806,1.6657765,3.3489,0.0036947778,0.6895097,0.00094363897
291,-17.55059,1.6294096,3.0807405,0.0039421194,0.67745304,0.00023741456
292,-17.541,1.6022544,2.6493857,0.004283821,0.67133534,0.0004682927
293,-17.535503,1.6628541,2.7264843,0.008730697,0.6984498,0.00044101995
294,-17.514248,1.606945,3.97746,0.0057587465,0.6697851,0.00017227134
295,-17.572212,1.5735966,2.2383666,0.0059985365,0.6622021,0.000366038
296,-17.568449,1.6107203,2.51957,0.0025276127,0.6809162,0.00051482994
297,-17.554905,1.635512,1.9743567,0.00605928,0.68462616,0.00023468965
298,-17.607655,1.5639024,1.7511555,0.0021032013,0.65962255,0.0002516742
299,-17.522577,1.5646884,2.3189774,0.008838103,0.65006244,0.00034882664
300,-17.529598,1.6601697,2.3704078,0.0026256065,0.67877746,0.00036766782
301,-17.602215,1.6100692,2.4970813,0.0028473998,0.6709977,0.0005005419
302,-17.568924,1.5965993,2.150491,0.0073716943,0.6575357,0.0007491105
303,-17.583883,1.5648221,1.9693894,0.0026230812,0.6460439,0.0004313268
304,-17.492895,1.5739259,3.006897,0.0011816795,0.64232266,0.0003767366
305,-17.503675,1.6254318,3.5090747,0.008767822,0.6660032,0.00055493205
306,-17.504293,1.5897378,2.40703,0.0065026795,0.65260357,0.00031050039
307,-17.590527,1.5040939,1.8600956,0.0034757461,0.62115365,0.00049303175
308,-17.544012,1.6518539,2.3460622,0.0029206164,0.68156415,0.00029725683
309,-17.489931,1.5638831,2.9466736,0.0018664893,0.6523333,0.00040277423
310,-17.61457,1.6899574,2.4668975,0.0041892836,0.7138339,0.00019252235
311,-17.551645,1.574944,2.2800505,0.002437572,0.651646,0.00021512974
312,-17.550875,1.6450549,3.414012,0.0040129134,0.66885936,0.0004825976
313,-17.539793,1.6231817,3.770296,0.0032603852,0.6655483,0.00044894675
314,-17.556276,1.5752964,2.583165,0.0021850578,0.6376558,0.00015124869
315,-17.49893,1.5661036,3.1380057,0.0040711034,0.64088416,0.00040808815
316,-17.544048,1.5763911,2.5365505,0.002835744,0.6502196,0.00039082186
317,-17.592894,1.6083449,3.03064,0.0050967964,0.6600487,0.0009536548
318,-17.620028,1.5141081,1.740064,0.007262678,0.63307536,0.00032546217
319,-17.584368,1.55444,3.6622467,0.00401122,0.6473604,0.00045708014
320,-17.584105,1.6639622,2.5369248,0.002585046,0.6829287,0.00031010612
321,-17.561754,1.55241,2.6806967,0.0056443093,0.65434897,0.00023766283
322,-17.55012,1.6402144,2.6203973,0.0021645583,0.6611177,0.0004943516
323,-17.483421,1.551965,3.8333375,0.008760364,0.64283985,0.0014261409
324,-17.484436,1.5598559,2.1931684,0.0019430964,0.6445085,0.00036493357
325,-17.547792,1.6610924,2.2751918,0.002101813,0.67702645,0.00029660086
326,-17.5312,1.5907556,2.6832173,0.0032348465,0.65839785,0.00030732554
327,-17.58493,1.5495449,2.6876695,0.005272129,0.6337732,0.00016713684
328,-17.577745,1.5682164,2.2541327,0.0082614785,0.65968937,0.0010059921
329,-17.628452,1.5088865,2.320401,0.009740492,0.64042044,0.00032766955
330,-17.593395,1.5948062,1.9460151,0.008947568,0.6582775,0.00032661247
331,-17.575027,1.5075798,3.0753767,0.0030362108,0.6309515,0.0005325909
332,-17.591343,1.5908642,2.615401,0.0031067785,0.6598834,0.00023357122
333,-17.52442,1.5513821,2.7190053,0.0062669343,0.64114755,0.0013489765
334,-17.589092,1.5808834,1.9021862,0.005070066,0.666483,0.00049750827
335,-17.568562,1.510613,1.6920975,0.0072067603,0.61560905,0.00043689186
336,-17.568296,1.513604,2.070273,0.002299645,0.6267022,0.00048002184
337,-17.543747,1.5057399,2.6529984,0.0017639165,0.6219795,0.00017493384
338,-17.565443,1.5895673,2.3097918,0.014040124,0.6632566,0.0015437176
339,-17.564867,1.5290402,1.768504,0.0040466953,0.63315684,0.00070947135
340,-17.57994,1.4923351,1.7062589,0.003514959,0.6082935,0.0007984538
341,-17.55907,1.562981,2.232392,0.015378178,0.6483998,0.00059455045
342,-17.615679,1.5211906,1.8495036,0.011875585,0.6335701,0.000443443
343,-17.587454,1.5481689,1.8551172,0.009699644,0.64213663,0.00021441167
344,-17.537771,1.6051892,3.0207188,0.0031051433,0.66247123,0.0006645895
345,-17.489738,1.5701865,3.5163434,0.0032597464,0.66125375,0.00041088762
346,-17.580727,1.5085435,2.085828,0.0030689677,0.62274945,0.0003707697
347,-17.570574,1.5531013,2.2104685,0.005622998,0.6504589,0.0007709067
348,-17.586966,1.4771477,1.6561509,0.0036379863,0.6188392,0.00085412164
349,-17.528805,1.5598133,3.7460787,0.00795928,0.64176846,0.0014076305
350,-17.576548,1.5231303,2.3059454,0.013014992,0.63735485,0.00024453792
351,-17.534864,1.5663921,2.6423314,0.005200457,0.6496171,0.00066172384
0,-17.534864,1.5663922,2.6423328,0.0052021435,0.64962465,0.0006613493
1,-17.588356,1.6042813,3.0416083,0.003435895,0.6706969,0.00041869545
2,-17.606327,1.5510172,1.8866508,0.006350359,0.64368993,0.0002220529
3,-17.58385,1.5253683,1.8976183,0.0063400785,0.6358455,0.00031636798
4,-17.560003,1.5446707,3.374041,0.009283882,0.6424678,0.0015308394
5,-17.577232,1.5771319,2.3326702,0.005961652,0.6485239,0.00078333815
6,-17.653786,1.5537474,1.2430999,0.0025236728,0.65850127,0.0006641687
7,-17.547825,1.5673306,2.0781226,0.00760439,0.6435806,0.00031032745
8,-17.538216,1.5419066,3.1198678,0.0061307717,0.6300211,0.00013763405
9,-17.576183,1.5457177,2.2693155,0.00659077,0.6348644,0.0016255832
10,-17.66405,1.5274647,1.4588195,0.003591505,0.635781,0.0005319717
11,-17.591557,1.5670146,2.4332373,0.0023734726,0.63914925,0.0006345316
12,-17.594828,1.5282158,1.454811,0.0043662637,0.6317823,0.00029787287
13,-17.58339,1.5201473,2.483595,0.002646709,0.6280547,0.00031636195
14,-17.596296,1.5816858,2.29746,0.0042766174,0.6586715,0.00037119706
15,-17.538168,1.5483758,2.926181,0.005059999,0.648258,0.0008611352
16,-17.571379,1.596945,1.8018376,0.0022532586,0.6595573,0.000695469
17,-17.556902,1.5806304,2.8228734,0.002366135,0.66957396,0.0006477698
18,-17.52779,1.5307257,3.117509,0.002281731,0.6291975,0.00022463025
19,-17.55391,1.5597019,2.7544022,0.0020324837,0.6321864,0.00015379683
20,-17.611414,1.5650464,2.4837213,0.0045920224,0.6548551,0.0005357822
21,-17.587215,1.5027733,2.753548,0.0052576894,0.6184461,0.00013067723
22,-17.565517,1.4762883,2.9460213,0.003150105,0.6162388,0.000537304
23,-17.575151,1.5221926,2.7496295,0.003988165,0.62548023,0.00025920538
24,-17.605978,1.5792542,2.6204758,0.0072324104,0.6542148,0.00093981344
25,-17.591848,1.5285296,2.0414934,0.01488762,0.6420327,0.00040038323
26,-17.64236,1.5110219,2.3828611,0.0076241633,0.63114816,0.000453785
27,-17.570223,1.604191,1.8477039,0.005466925,0.6585632,0.0002716559
28,-17.591969,1.495845,2.4069858,0.0034060539,0.6201818,0.00039973125
29,-17.547575,1.5744423,2.7407308,0.003173429,0.64271754,0.00014743429
30,-17.582447,1.5235027,2.6086442,0.0020741608,0.62826455,0.00019382875
31,-17.58395,1.56698,2.1469364,0.0015840582,0.6452941,0.0001507148
32,-17.601019,1.4937881,2.8361118,0.0076848515,0.61592335,0.0012308027
33,-17.556284,1.5607632,2.5141153,0.0048043462,0.654438,0.0004470548
34,-17.575415,1.5187707,1.7394447,0.0032932032,0.6359902,0.00024993782
35,-17.586538,1.5005479,2.0581582,0.0035437222,0.6193247,0.00023167317
36,-17.636173,1.5551088,1.961597,0.0035378954,0.6538145,0.00015112218
37,-17.636581,1.55739,1.9613879,0.0015760108,0.6384152,0.0002901755
38,-17.632465,1.5527797,1.9913479,0.0036691122,0.635245,0.0001818759
39,-17.6305,1.5579588,2.0982187,0.0014530709,0.66075915,0.00011537716
40,-17.550245,1.5671066,2.5379012,0.0042621163,0.64721245,0.0005263265
41,-17.654432,1.5542611,2.0902271,0.0024834988,0.65335023,0.00020473437
42,-17.607334,1.5208648,1.5326353,0.0009215652,0.63622737,0.00014429282
43,-17.607128,1.5468265,1.4750149,0.0016575784,0.6396576,0.000119259515
44,-17.614784,1.5226232,2.4756296,0.0014074798,0.63292956,0.0002363375
45,-17.584051,1.5782546,2.1241658,0.0015733166,0.64912367,0.0002462858
46,-17.67482,1.5087041,1.513509,0.002823834,0.62314636,0.00017679021
47,-17.623579,1.5035237,1.5065544,0.0014748173,0.6230643,0.00027450762
48,-17.641747,1.6153624,2.1181195,0.0017012228,0.6648621,0.00026549245
49,-17.569489,1.5221335,2.449475,0.0036182194,0.61630213,0.00036697398
50,-17.610748,1.5742618,2.735757,0.0016067389,0.6514189,0.0004105229
51,-17.502813,1.5049508,2.3655388,0.0028225435,0.6347592,0.0001841794
52,-17.555006,1.5871129,2.855018,0.0017466813,0.6608026,0.00033456684
53,-17.59244,1.5065868,1.8653266,0.004862944,0.61621714,0.00035530128
54,-17.609938,1.5569178,1.9555457,0.010285778,0.64861923,0.0013148643
55,-17.576048,1.488173,1.8146422,0.013083351,0.6108482,0.0004025971
56,-17.571058,1.4905641,2.5832222,0.0035510575,0.6186072,0.0015133489
57,-17.570105,1.5579902,2.1304884,0.008376407,0.6435934,0.0003424251
58,-17.610256,1.4889997,2.1383893,0.0053445688,0.61213565,0.0009787115
59,-17.58667,1.6374017,3.4521635,0.003119399,0.63556015,0.0011410125
60,-17.616844,1.598794,2.334717,0.0034522868,0.660398,0.00086736085
61,-17.564304,1.4636024,2.6533234,0.004183116,0.60305583,0.00035239008
62,-17.602219,1.5434476,2.4495373,0.0043041157,0.6479213,0.00030679957
63,-17.580633,1.4865768,1.7365772,0.004705115,0.6168167,0.0001871751
64,-17.568031,1.5292845,2.1453516,0.015911493,0.63877505,0.0038022217
65,-17.598196,1.5483527,2.907936,0.0023416828,0.63506544,0.00043158364
66,-17.577976,1.5863749,2.444699,0.0038422854,0.65676785,0.0003436198
67,-17.580639,1.461282,3.0850484,0.003324907,0.5935759,0.00027293997
68,-17.66049,1.568603,2.1476445,0.002822662,0.6542193,0.00014630858
69,-17.630928,1.5027463,1.5902675,0.0020126468,0.6211,0.00014548402
70,-17.60077,1.5600201,2.304989,0.004319074,0.6502253,0.0005299484
71,-17.625454,1.5356044,2.0110083,0.0036953944,0.64059997,0.0001256143
72,-17.579231,1.5732921,2.520339,0.012939779,0.6513303,0.0009325412
73,-17.562069,1.5147439,3.0740445,0.00283158,0.62334114,0.00044858822
74,-17.559124,1.5021073,2.7199242,0.001686357,0.6279706,0.00020763773
75,-17.57096,1.4834346,2.1897295,0.0030717568,0.6103263,0.00015005286
76,-17.521618,1.4988322,2.7507443,0.0016945937,0.6117556,0.00031917135
77,-17.547844,1.5458486,3.1393535,0.007439438,0.64453155,0.00043897724
78,-17.58414,1.5199519,2.898236,0.0042743427,0.6214271,0.00078189984
79,-17.63104,1.534026,2.0009105,0.006356946,0.6400812,0.0006058822
80,-17.596888,1.4964839,2.5793376,0.0039643003,0.61767197,0.0005842018
81,-17.598333,1.5290157,2.2384243,0.0023249623,0.6291791,0.0004488445
82,-17.618883,1.5335603,2.591271,0.0022675577,0.6178344,0.0007829282
83,-17.628492,1.5146611,2.0190172,0.00295104,0.63483524,0.00044956044
84,-17.610214,1.5679592,2.6598597,0.007514023,0.6602051,0.00025654404
85,-17.549635,1.5235987,3.0801795,0.0058539216,0.6371707,0.00043250064
86,-17.630219,1.4492277,2.1551342,0.0036241675,0.60665524,0.000162932
87,-17.596737,1.5393653,3.0224993,0.012755727,0.62928545,0.00076111726
88,-17.59934,1.5579643,2.4199536,0.0066824,0.6398873,0.00029706836
89,-17.592838,1.5057169,2.731092,0.0032524478,0.6326891,0.000311384
90,-17.58218,1.5371884,2.0507703,0.0053043817,0.6463795,0.00024780392
91,-17.58035,1.5564898,2.5491426,0.0037273315,0.65244603,0.00080011546
92,-17.616194,1.5349013,2.2965224,0.007589308,0.63479066,0.00027335502
93,-17.653711,1.5478883,2.2288668,0.0026849436,0.63955075,0.00052865397
94,-17.607601,1.4797158,2.6586165,0.0036009927,0.6128586,0.0002877299
95,-17.652096,1.5568005,1.6284046,0.0024605263,0.63899684,0.00050912285
96,-17.574308,1.476864,2.9123259,0.006276047,0.61234194,0.00021936507
97,-17.587116,1.4501715,2.1025932,0.0024591843,0.6042438,0.00011604046
98,-17.614729,1.470009,1.4843961,0.0016718728,0.61141354,0.00012157118
99,-17.657146,1.5005698,1.8226097,0.0010329203,0.6250533,0.0001109307
100,-17.621223,1.4902897,2.1459067,0.0017119633,0.61998653,0.00044994967
101,-17.641872,1.5628123,2.0327652,0.0025726857,0.6529018,0.00039624056
102,-17.549622,1.4855212,4.371023,0.0027950301,0.6148486,0.0002230306
103,-17.596834,1.5663947,2.5383494,0.0016310854,0.6536845,0.00022875145
104,-17.613134,1.4609382,1.9104141,0.008202422,0.6185489,0.00044244682
105,-17.580149,1.5251293,1.9065281,0.001669112,0.62756914,0.00022400038
106,-17.598463,1.523613,2.2062297,0.0024964998,0.62251425,0.0001339206
107,-17.600056,1.5375015,2.6940563,0.004371141,0.62903786,0.00010186775
108,-17.621914,1.5545498,1.4939803,0.0029100424,0.65022796,0.0004292237
109,-17.595844,1.468379,2.5816636,0.0022725894,0.60203457,0.0005025084
110,-17.574099,1.4522146,2.2590246,0.0034464041,0.6073563,0.00017110104
111,-17.60811,1.533837,1.9172034,0.0016819157,0.6461937,0.000441331
112,-17.623055,1.4703904,1.9969755,0.0019447223,0.6227416,0.00030546694
113,-17.661062,1.5007962,2.3382957,0.004506049,0.6327472,0.00017759441
114,-17.61781,1.5086335,2.829573,0.0049824747,0.6227183,0.00055197725
115,-17.568825,1.4923235,2.5287488,0.003597564,0.6176929,0.0001872772
116,-17.658323,1.5365541,2.3200266,0.0013037776,0.6387482,0.0003477853
117,-17.639624,1.4973365,2.2761688,0.0021325164,0.61743736,0.0003054256
118,-17.66224,1.5310804,2.1298993,0.0038508263,0.64076424,0.00016684143
119,-17.617153,1.5664998,2.3295107,0.004542688,0.65153277,0.00015789637
120,-17.56918,1.5575502,2.9379213,0.0070852814,0.6492906,0.0007092299
121,-17.61655,1.5940534,1.5756317,0.0020532098,0.66685224,0.00042423114
122,-17.638075,1.4975082,2.1714847,0.0039484072,0.6126486,0.00025496027
123,-17.605742,1.5303786,2.3672268,0.001220717,0.6349301,0.00020737253
124,-17.621056,1.5680884,2.0460823,0.004175532,0.6390804,0.00015425586
125,-17.619238,1.5559552,1.6966486,0.0048271297,0.64346,0.00056458206
126,-17.637531,1.5488621,1.359976,0.0021885724,0.641677,0.00024377853
127,-17.633438,1.4811853,2.2527127,0.007710355,0.6214496,0.0006050869
128,-17.60977,1.5548996,2.1380618,0.00256052,0.646287,0.00023891387
129,-17.602621,1.572151,2.12845,0.0021209093,0.64416885,0.00014245305
130,-17.588797,1.572682,2.703884,0.0012088522,0.6538127,0.000121956866
131,-17.626797,1.4656986,2.206822,0.0012668272,0.60469806,0.00013787407
132,-17.639566,1.5283177,1.8525531,0.0028809044,0.6367735,0.00013827384
133,-17.638273,1.4620166,2.2825322,0.0054607135,0.6080133,0.00031610543
134,-17.606747,1.48209,2.3911188,0.0040321243,0.61822194,0.00060305686
135,-17.669214,1.5223142,1.3519304,0.0052805487,0.6348316,0.0004219052
136,-17.6098,1.5170667,2.570986,0.008288738,0.6338472,0.0009288109
137,-17.62765,1.5043885,1.8540763,0.0025701257,0.63415235,0.00019549333
138,-17.652021,1.4599849,1.6630231,0.005861679,0.60073394,0.00021398564
139,-17.59385,1.5078225,2.2066867,0.00546479,0.6236079,0.00055858574
140,-17.627125,1.4788665,1.8733076,0.0019492853,0.6172728,0.00029132707
141,-17.606674,1.5021299,2.3071365,0.0076570674,0.63067365,0.00070245744
142,-17.610971,1.5037595,3.0489082,0.0053453636,0.6150311,0.00017819129
143,-17.657967,1.5430161,1.709208,0.0019425412,0.64489454,0.00021767359
144,-17.629042,1.4445144,1.5361248,0.005244865,0.6009207,0.0004846487
145,-17.661722,1.5032054,1.9376867,0.0028371883,0.6184538,0.00055791484
146,-17.564808,1.5249113,2.6349816,0.0024551253,0.6445013,0.00018533597
147,-17.65141,1.5001177,2.1363826,0.0032008938,0.6239282,0.00038146062
148,-17.582535,1.4712301,2.7909615,0.003641152,0.6110205,0.0001825131
149,-17.67414,1.610715,1.6726696,0.0014255233,0.65803057,0.00015844556
150,-17.6283,1.5012077,2.123233,0.00088668714,0.6220255,0.00017010275
151,-17.668829,1.4921563,2.0428002,0.0028230713,0.61744267,0.00050535414
152,-17.598433,1.5139288,2.8119664,0.004218142,0.6187209,0.00023361137
153,-17.604368,1.4706397,2.6562324,0.0031497362,0.6191837,0.00019552647
154,-17.573627,1.4257853,3.4017851,0.0042182137,0.5909865,0.00011477981
155,-17.636086,1.5477997,2.256897,0.002397613,0.63629276,0.00023597323
156,-17.64057,1.5169452,1.6448466,0.012493399,0.62533426,0.00085775845
157,-17.604792,1.4689133,2.3157194,0.0032136943,0.60713947,0.00018106676
158,-17.614986,1.5134501,1.3293012,0.0032126745,0.63767886,0.00014725878
159,-17.569944,1.4739597,2.9021819,0.008884623,0.6037411,0.00092345354
160,-17.580172,1.5978943,2.8695703,0.0022777098,0.65067583,0.0011630757
161,-17.612034,1.5592737,2.2529366,0.002617533,0.6373231,0.00031070365
162,-17.558756,1.5051279,2.6530542,0.007145145,0.62567204,0.0002735132
163,-17.66922,1.4591154,1.8736082,0.002903746,0.6005067,0.00013127201
164,-17.646063,1.5412112,2.5289803,0.0009570143,0.6330984,0.00020063194
165,-17.571539,1.4982421,2.7189806,0.0013500457,0.6150219,0.00043325798
166,-17.614988,1.5667832,2.1764045,0.00362292,0.6441103,0.00033313106
167,-17.655153,1.4650112,2.0134177,0.001895986,0.5967757,0.00016795943
168,-17.632887,1.432946,2.8372092,0.0031687103,0.58083373,0.00020031346
169,-17.593243,1.4983249,3.0984929,0.0020111264,0.61068344,0.00033985625
170,-17.66574,1.4496653,2.1412368,0.0021670158,0.6179119,0.00012084647
171,-17.627699,1.5788766,2.6508532,0.0023367058,0.6456538,0.00010481494
172,-17.62102,1.5067154,2.5582747,0.003996174,0.62840897,0.0002925514
173,-17.63177,1.4792922,2.4600277,0.02001871,0.61553824,0.0023714695
174,-17.613527,1.6013571,2.608007,0.013801546,0.6536639,0.0006294175
175,-17.653925,1.4525745,2.388491,0.0068249,0.6069607,0.0005475506
176,-17.645168,1.5594308,3.2729878,0.0039301855,0.643713,0.00025556303
177,-17.629047,1.5003455,2.3665936,0.0058204927,0.6116477,0.00039916683
178,-17.605824,1.5120918,3.2091606,0.008782337,0.625862,0.0007082342
179,-17.666683,1.5011145,2.1638784,0.0036420387,0.62056553,0.0005955623
180,-17.663147,1.5036442,2.225674,0.0016047935,0.62586945,0.00028828156
181,-17.637205,1.4809532,2.1428726,0.0038711496,0.6130201,0.00015680822
182,-17.615372,1.5157539,2.0993757,0.0020981138,0.61567104,0.0006573102
183,-17.601484,1.5311675,1.6441852,0.0051412107,0.644478,0.00023829029
184,-17.687374,1.5071201,2.1751876,0.0028477027,0.6323237,0.00019189318
185,-17.59372,1.4956448,2.4905696,0.0035753392,0.62506455,0.00020422925
186,-17.603535,1.4737676,2.2325575,0.0026501343,0.6136281,0.000595244
187,-17.653858,1.5418395,1.7738483,0.0059630107,0.63858896,0.00023999233
188,-17.632607,1.5832564,1.7346344,0.0030850635,0.6602886,0.00018579114
189,-17.659046,1.5398179,1.7341648,0.0036574535,0.6450112,0.00030809385
190,-17.587952,1.52841,2.2328897,0.002184143,0.63513476,0.00022971307
191,-17.634352,1.4881768,2.112302,0.0033095428,0.608479,0.00012389959
192,-17.667763,1.507499,1.6178402,0.0056252414,0.6302873,0.00037635982
193,-17.599367,1.5524198,2.010105,0.0046155616,0.66314214,0.0002917986
194,-17.608719,1.4818519,2.1423302,0.00082740665,0.61220074,0.00038427446
195,-17.637598,1.4097265,2.4724221,0.002694722,0.58583015,0.000109473425
196,-17.604544,1.5821458,2.1381826,0.0011147711,0.6515816,0.00029650566
197,-17.64738,1.530061,1.6794125,0.0017414804,0.6381206,0.00027644393
198,-17.573391,1.5349679,3.4517257,0.005072021,0.6421861,0.0003965435
199,-17.598461,1.4630489,2.1906605,0.0014721456,0.60943073,0.00017957362
200,-17.580332,1.4696555,1.688212,0.0017189741,0.6069485,0.00018865574
201,-17.594368,1.4684302,2.84723,0.0011079127,0.6173137,0.00028379873
202,-17.654854,1.5266078,1.4578975,0.0070907325,0.63230103,0.0012739721
203,-17.687712,1.515131,1.6364965,0.0037444094,0.6338621,0.00028839076
204,-17.614906,1.4437627,1.8385899,0.0022888128,0.599288,0.0002653217
205,-17.636608,1.5503198,1.728611,0.0015435703,0.64020103,0.0002774376
206,-17.595718,1.4596719,2.7367904,0.0014229355,0.60684663,0.000108205684
207,-17.591148,1.4954737,2.439541,0.0021745048,0.62094414,0.0002167382
208,-17.678776,1.4882638,1.6145545,0.0017250326,0.6227516,0.00020926082
209,-17.668598,1.431002,1.6734728,0.002506707,0.60287756,0.00010039691
210,-17.681175,1.4129677,1.0939056,0.0037991104,0.58742464,0.00025054917
211,-17.636917,1.4462109,1.8815056,0.0034803147,0.5982519,0.000118213
212,-17.626747,1.5606064,2.204195,0.007985524,0.6491377,0.00038309567
213,-17.605677,1.4790434,1.9275271,0.0065824073,0.6135376,0.000608332
214,-17.654068,1.4544704,1.3718755,0.005818762,0.600119,0.00024101183
215,-17.595549,1.4884332,1.9200006,0.0024960386,0.616754,0.00028057455
216,-17.604004,1.4022764,3.380321,0.0015740246,0.58267903,0.00021338486
217,-17.61645,1.4766139,2.5812173,0.001810677,0.62035996,0.0002703554
218,-17.63636,1.5170466,2.5552344,0.00397735,0.6161528,0.0003031208
219,-17.667507,1.440725,2.3619497,0.0015772415,0.5947153,0.00013749504
220,-17.656336,1.5266578,1.3774728,0.0034407652,0.6360462,0.0002735326
221,-17.6769,1.4638191,1.6314503,0.0029035734,0.6030417,0.00034687945
222,-17.605309,1.4426924,2.4133155,0.0052126306,0.6014519,0.00023781882
223,-17.593174,1.5035641,2.6744058,0.0100191785,0.6321043,0.000662766
224,-17.619806,1.5504291,2.0387099,0.00781143,0.62793773,0.00079970603
225,-17.649809,1.5189693,2.2317324,0.009564994,0.6327632,0.00022949895
226,-17.671093,1.4901258,1.5334011,0.0041589555,0.6175941,0.0003123383
227,-17.616524,1.4395916,2.907704,0.0078441985,0.6049185,0.00026731825
228,-17.607126,1.4663627,2.98163,0.0077580973,0.60668415,0.0003405716
229,-17.637156,1.5143169,1.8665113,0.009524058,0.62080723,0.0005281357
230,-17.691011,1.5225838,2.2088554,0.0021021105,0.63122296,0.00023567166
231,-17.69134,1.4918064,1.1772263,0.005939834,0.6202563,0.00022431187
232,-17.654781,1.4170303,2.5888467,0.0045333314,0.57900494,0.0005555315
233,-17.62738,1.4036565,2.4899664,0.0021127074,0.59702116,0.00019948267
234,-17.646332,1.4814342,1.48882,0.0024898676,0.6208293,0.00013126478
235,-17.700071,1.4710673,1.7733611,0.0011008275,0.6244787,0.00014665941
236,-17.663908,1.4263366,1.6070609,0.0011795739,0.60167843,9.7180884e-05
237,-17.627188,1.4762621,2.7362154,0.0029904367,0.60543454,0.00020520658
238,-17.63821,1.4101312,1.5315546,0.0020670183,0.5922965,0.0004546582
239,-17.603828,1.398705,1.7618853,0.0020020127,0.5836367,0.0001871834
240,-17.683258,1.4090134,2.0221202,0.0016905643,0.58928365,0.000113846014
241,-17.611626,1.423743,2.7674654,0.0021940582,0.5938479,0.00013041699
242,-17.591118,1.4385926,2.9999278,0.0086080795,0.587219,0.000521342
243,-17.667297,1.4065863,1.4852183,0.0031405487,0.587504,0.00022427077
244,-17.638613,1.4441373,1.8648083,0.0013909492,0.607225,0.00024470524
245,-17.633495,1.5521206,2.852348,0.0017180223,0.63035136,0.00018097847
246,-17.620968,1.5081503,2.270559,0.0024996412,0.6109917,9.303551e-05
247,-17.627953,1.4747385,2.8298953,0.0012692307,0.6113369,9.571716e-05
248,-17.632627,1.5240941,2.320528,0.0033919185,0.62680054,0.00026460915
249,-17.62409,1.5093504,2.7920756,0.0020996113,0.62193435,0.000116910815
250,-17.661264,1.4391955,2.0305483,0.003273628,0.58989877,0.00035477724
251,-17.649683,1.4567846,2.3148818,0.0019567627,0.61321795,0.00011046929
252,-17.630121,1.5058535,1.955516,0.002021773,0.6211192,0.00024347081
253,-17.580946,1.4526684,2.4768116,0.0027108619,0.5910694,0.0001443035
254,-17.609234,1.5030199,2.294481,0.0009970138,0.61301035,0.00013195527
255,-17.688723,1.4523296,1.9268172,0.0010184656,0.5966865,0.0002112283
256,-17.636843,1.4322761,3.1040683,0.0037084806,0.5913363,0.00039684324
257,-17.681564,1.4197745,1.8932664,0.0014175293,0.5899943,6.513424e-05
258,-17.618366,1.4472904,2.8408387,0.009350589,0.5983167,0.00081089727
259,-17.688324,1.4584215,1.241399,0.003674591,0.60810477,0.00052590144
260,-17.671774,1.4341502,2.0160503,0.002814279,0.5960501,0.00023638943
261,-17.645115,1.3901575,2.1424491,0.0014395567,0.5779307,0.0001727617
262,-17.682781,1.475101,1.5431433,0.0010286929,0.6157682,0.00021218092
263,-17.601587,1.5127463,2.7300956,0.009466256,0.61633676,0.0012579749
264,-17.656958,1.449824,1.6569067,0.0042940136,0.5952037,0.00040381588
265,-17.62018,1.4268495,1.6722085,0.0030159296,0.5986879,0.00014219058
266,-17.66298,1.4238833,1.570602,0.0026722467,0.5989703,0.0001389855
267,-17.609509,1.4757448,2.9744017,0.0011941283,0.60994536,0.00015178477
268,-17.629745,1.4273933,2.4285655,0.0018702447,0.6013889,0.0002247064
269,-17.60554,1.4166306,2.4481063,0.008110394,0.58911896,0.0005168375
270,-17.647158,1.5063474,2.0687273,0.0017362825,0.61720747,0.00012232842
271,-17.653234,1.4198755,1.9945312,0.0014671973,0.59016705,0.0003019846
272,-17.595867,1.4715316,2.4534264,0.0014794935,0.60619396,0.00022104495
273,-17.682457,1.5148998,2.2772171,0.0014635766,0.6176113,0.00013107159
274,-17.621437,1.4221178,1.9473774,0.0008055908,0.59676826,6.3322164e-05
275,-17.636942,1.3926188,1.8612585,0.0053233067,0.5739658,0.0003396414
276,-17.60934,1.4908706,1.9535328,0.0077385143,0.63255876,0.0005402917
277,-17.656853,1.4592252,2.0319557,0.003183748,0.5951842,0.00016025745
278,-17.677778,1.4282053,1.9377536,0.0016057605,0.58620995,0.000105630876
279,-17.625788,1.4671837,1.3675461,0.0009104641,0.61910343,0.00019221021
280,-17.698835,1.4569126,2.3438854,0.0031112079,0.6074641,0.00044455545
281,-17.606903,1.4617875,2.5940466,0.0013324914,0.6029814,0.0001827768
282,-17.620842,1.4556712,3.173236,0.0015844984,0.6049839,0.00024911773
283,-17.73719,1.4146297,1.3102278,0.0012393466,0.5771602,0.00021972739
284,-17.702175,1.4343262,1.9618616,0.0031296143,0.5914891,0.00049528776
285,-17.62252,1.4689398,2.2754743,0.005328309,0.61178225,0.00016779752
286,-17.656458,1.5467285,1.5920538,0.0022947327,0.63396287,0.000488904
287,-17.66514,1.4403619,1.7063136,0.0035772077,0.59586096,0.0002488425
288,-17.613554,1.496798,3.223313,0.0012458436,0.62905335,0.00031160424
289,-17.651304,1.4342997,2.479223,0.0023121866,0.59723926,0.000120651086
290,-17.663969,1.3565227,2.275298,0.0025267475,0.5634867,0.000100945
291,-17.657808,1.4920404,2.195833,0.0013930482,0.62153333,0.00017013842
292,-17.673763,1.3579409,1.3097758,0.005435156,0.56332064,0.00019814217
293,-17.624434,1.4534844,1.580046,0.0028206173,0.5989229,0.0003338427
294,-17.646914,1.5203501,2.3864467,0.0025494148,0.63194406,0.00018894681
295,-17.67266,1.4842945,1.9318441,0.008952639,0.6127058,0.0009590241
296,-17.66954,1.4990511,2.4346786,0.0021798369,0.6200107,0.00044080373
297,-17.70848,1.4397846,1.9685097,0.004546528,0.60679173,0.00022693512
298,-17.585192,1.37039,3.4680398,0.0017776297,0.56009537,0.0002287794
299,-17.66094,1.495061,2.7192695,0.0012374517,0.6217915,0.00018753945
300,-17.637632,1.4499475,1.6500511,0.0017646818,0.6040751,0.00014579366
301,-17.651924,1.4428478,1.512189,0.001600652,0.5974162,7.285019e-05
302,-17.649345,1.4616082,2.2257187,0.00399127,0.5988602,0.0002069201
303,-17.696762,1.4148034,2.0470338,0.0024196375,0.5949465,0.0001875613
304,-17.687456,1.4186628,1.9956512,0.0022687544,0.5917715,0.00015807281
305,-17.632687,1.4352428,2.1838,0.0009091645,0.5918728,7.394617e-05
306,-17.632439,1.4412886,1.8349696,0.008663755,0.60561264,0.0004210772
307,-17.683128,1.5329044,1.9427073,0.0031521562,0.6287109,0.00021436841
308,-17.689812,1.4324085,2.2982094,0.0036607934,0.5966277,0.00021007315
309,-17.643133,1.423119,2.1661613,0.0026669453,0.5804243,0.00019492864
310,-17.667694,1.3735975,1.7796729,0.008909927,0.5703803,0.0010497033
311,-17.655273,1.4532177,1.6624615,0.002022686,0.6003057,0.00021609294
312,-17.63659,1.4483095,2.1037834,0.001624961,0.5987714,0.0002504043
313,-17.650446,1.5141674,2.0402184,0.005225787,0.6375828,0.00040101318
314,-17.603203,1.4916867,2.371024,0.011679701,0.6018782,0.00095081213
315,-17.610495,1.4959682,2.1503415,0.004904556,0.6217349,0.00018225731
316,-17.589167,1.540626,2.7541158,0.004450455,0.6343603,0.00023239199
317,-17.650148,1.4372443,2.2423518,0.008312817,0.59731877,0.00091129146
318,-17.731207,1.4470767,1.8474327,0.0027419399,0.6036161,0.00030131743
319,-17.636618,1.4725486,1.9375598,0.0037629528,0.6185588,0.00031041596
320,-17.660395,1.4016272,1.9809762,0.0018635257,0.58527833,0.00028320382
321,-17.653893,1.4209938,1.4791459,0.0011969485,0.590267,0.00029555874
322,-17.702473,1.4408092,1.3711103,0.0007154733,0.58650017,0.00011800481
323,-17.69505,1.4543568,2.0526536,0.0013750307,0.60045195,0.00018504458
324,-17.679918,1.4518064,1.7129049,0.0015409061,0.60222065,0.00013938393
325,-17.676687,1.4475878,1.6197658,0.0007190323,0.60673976,8.8270426e-05
326,-17.644547,1.4883424,1.8565012,0.0005815034,0.614805,0.00019975207
327,-17.609438,1.5053834,2.937752,0.0011890444,0.62647396,0.0001059401
328,-17.650957,1.4319965,1.4822268,0.0010439411,0.59641725,8.587173e-05
329,-17.722166,1.3944964,2.273053,0.0016607556,0.5829532,0.00035068762
330,-17.652147,1.3586246,1.8634719,0.0020260573,0.56792706,0.00019511831
331,-17.625387,1.391875,2.555136,0.0054843016,0.58846915,0.0005710651
332,-17.644821,1.5266081,2.0277615,0.005486994,0.6307196,0.00011702722
333,-17.663984,1.4984186,2.4274244,0.0016442662,0.6250915,0.00010452753
334,-17.66981,1.4198338,2.316459,0.0011387685,0.58641714,0.00013090084
335,-17.710974,1.3495479,2.24792,0.0025886698,0.5505877,0.0001316056
336,-17.703602,1.3336539,2.848829,0.0016718374,0.54323006,7.3092204e-05
337,-17.690922,1.4164262,1.7113945,0.001061919,0.5864949,0.000100915146
338,-17.64004,1.4254005,2.2555223,0.005419525,0.58284634,0.0001863053
339,-17.67899,1.4643999,2.1832924,0.0012900054,0.6179827,0.0002497301
340,-17.67223,1.3877376,2.206891,0.0020385983,0.5815288,0.00012589345
341,-17.651169,1.407842,2.5052316,0.004247263,0.58480555,0.000253055
342,-17.672129,1.4439045,1.8343362,0.005160527,0.59178877,0.0005156799
343,-17.635353,1.452759,3.309885,0.0012598599,0.602646,0.00020990391
344,-17.695086,1.4487314,1.8182802,0.0010009438,0.5913383,0.00019940996
345,-17.693008,1.3892162,1.89724,0.0012515121,0.5868366,0.00013170808
346,-17.617317,1.4658436,2.8836374,0.0011620715,0.61662555,0.00018189686
347,-17.649988,1.3956008,1.8812715,0.000847073,0.5740542,0.000112566624
